Customer_ID,Recency,Frequency,Monetary,Avg_Order_Value,Total_Profit
CUST00001,33,13,11840.03,910.7715384615385,4144.01
CUST00002,52,6,9185.05,1530.8416666666665,3214.77
CUST00003,45,10,10418.25,1041.825,3646.4
CUST00004,167,14,18872.18,1348.0128571428572,6605.26
CUST00005,74,10,7634.95,763.495,2672.22
CUST00006,24,19,18996.19,999.7994736842105,6648.650000000001
CUST00007,37,14,17403.69,1243.1207142857143,6091.3
CUST00008,9,10,13383.93,1338.393,4684.39
CUST00009,67,11,14827.29,1347.9354545454546,5189.55
CUST00010,97,16,18007.65,1125.478125,6302.67
CUST00011,82,17,15739.75,925.8676470588235,5508.889999999999
CUST00012,51,11,10091.26,917.3872727272727,3531.9500000000003
CUST00013,138,11,13151.11,1195.5554545454545,4602.89
CUST00014,16,14,10588.91,756.3507142857143,3706.11
CUST00015,174,8,5768.129999999999,721.0162499999999,2018.83
CUST00016,27,14,17400.59,1242.8992857142857,6090.21
CUST00017,72,13,7987.2699999999995,614.4053846153846,2795.54
CUST00018,6,16,16773.56,1048.3475,5870.75
CUST00019,91,12,11890.48,990.8733333333333,4161.67
CUST00020,44,13,10762.8,827.9076923076923,3766.98
CUST00021,31,15,11401.86,760.124,3990.64
CUST00022,28,14,21778.260000000002,1555.5900000000001,7622.38
CUST00023,70,12,9734.06,811.1716666666666,3406.92
CUST00024,46,15,8558.539999999999,570.5693333333332,2995.49
CUST00025,25,15,10212.44,680.8293333333334,3574.35
CUST00026,45,14,16975.44,1212.5314285714285,5941.41
CUST00027,2,21,20044.26,954.4885714285714,7015.48
CUST00028,32,19,25665.56,1350.818947368421,8982.960000000001
CUST00029,46,10,6131.7300000000005,613.173,2146.09
CUST00030,5,19,24860.94,1308.4705263157894,8701.32
CUST00031,114,19,21606.03,1137.1594736842105,7562.09
CUST00032,15,11,13027.59,1184.3263636363636,4559.65
CUST00033,105,13,13721.44,1055.4953846153846,4802.5
CUST00034,101,9,12693.92,1410.4355555555555,4442.86
CUST00035,41,13,16566.86,1274.3738461538462,5798.4
CUST00036,35,14,8424.51,601.7507142857143,2948.5699999999997
CUST00037,99,15,16736.17,1115.7446666666665,5857.66
CUST00038,74,13,17860.190000000002,1373.8607692307694,6251.05
CUST00039,57,10,12978.17,1297.817,4542.37
CUST00040,126,10,9844.8,984.4799999999999,3445.69
CUST00041,30,8,5576.78,697.0975,1951.86
CUST00042,16,10,12039.37,1203.9370000000001,4213.78
CUST00043,14,15,15552.470000000001,1036.8313333333333,5443.34
CUST00044,10,15,11912.18,794.1453333333334,4169.26
CUST00045,67,6,6302.04,1050.34,2205.71
CUST00046,6,11,9560.21,869.1099999999999,3346.0699999999997
CUST00047,108,15,9547.74,636.516,3341.73
CUST00048,3,11,10467.380000000001,951.58,3663.59
CUST00049,38,13,16103.369999999999,1238.720769230769,5636.18
CUST00050,89,6,7383.27,1230.545,2584.15
CUST00051,1,12,15278.449999999999,1273.2041666666667,5347.46
CUST00052,261,15,20165.67,1344.378,7057.98
CUST00053,78,15,12092.92,806.1946666666666,4232.52
CUST00054,280,10,7614.09,761.409,2664.94
CUST00055,1,15,15726.31,1048.4206666666666,5504.21
CUST00056,89,13,16340.699999999999,1256.976923076923,5719.26
CUST00057,136,12,12175.01,1014.5841666666666,4261.24
CUST00058,33,13,18736.65,1441.2807692307692,6557.82
CUST00059,113,17,19789.89,1164.1111764705881,6926.46
CUST00060,21,12,10663.12,888.5933333333334,3732.09
CUST00061,180,5,2827.46,565.492,989.6099999999999
CUST00062,42,11,9853.12,895.7381818181819,3448.59
CUST00063,64,6,7594.42,1265.7366666666667,2658.04
CUST00064,2,15,13624.220000000001,908.2813333333335,4768.49
CUST00065,65,11,15198.95,1381.7227272727273,5319.62
CUST00066,19,15,16592.37,1106.158,5807.33
CUST00067,106,7,9768.74,1395.5342857142857,3419.0599999999995
CUST00068,60,10,12899.380000000001,1289.938,4514.77
CUST00069,8,9,5777.349999999999,641.9277777777777,2022.07
CUST00070,140,12,11578.32,964.86,4052.3900000000003
CUST00071,23,8,7025.71,878.21375,2459.0
CUST00072,25,20,26313.45,1315.6725000000001,9209.710000000001
CUST00073,42,18,22915.91,1273.1061111111112,8020.5599999999995
CUST00074,25,11,9450.36,859.1236363636364,3307.63
CUST00075,99,12,8035.78,669.6483333333333,2812.52
CUST00076,39,12,12479.01,1039.9175,4367.64
CUST00077,53,17,16212.58,953.6811764705882,5674.39
CUST00078,82,15,22608.19,1507.2126666666666,7912.860000000001
CUST00079,51,18,20042.87,1113.4927777777777,7015.02
CUST00080,60,15,21106.41,1407.094,7387.26
CUST00081,46,11,13937.18,1267.0163636363636,4878.0
CUST00082,20,20,25520.97,1276.0485,8932.36
CUST00083,11,18,14143.25,785.7361111111111,4950.14
CUST00084,3,15,16104.74,1073.6493333333333,5636.650000000001
CUST00085,81,14,14053.57,1003.8264285714286,4918.75
CUST00086,30,9,9013.76,1001.5288888888889,3154.8199999999997
CUST00087,85,19,27792.14,1462.7442105263158,9727.24
CUST00088,165,8,4206.28,525.785,1472.2
CUST00089,52,13,11101.52,853.963076923077,3885.5299999999997
CUST00090,91,15,18370.12,1224.6746666666666,6429.55
CUST00091,60,9,10034.619999999999,1114.9577777777777,3512.12
CUST00092,68,12,12599.58,1049.965,4409.87
CUST00093,12,19,22235.59,1170.2942105263157,7782.46
CUST00094,4,17,12501.89,735.405294117647,4375.66
CUST00095,111,13,9986.69,768.2069230769231,3495.35
CUST00096,95,14,13825.400000000001,987.5285714285716,4838.87
CUST00097,18,9,14170.45,1574.4944444444445,4959.66
CUST00098,90,16,16360.83,1022.551875,5726.28
CUST00099,114,14,17080.27,1220.0192857142858,5978.08
CUST00100,174,14,24437.8,1745.5571428571427,8553.21
CUST00101,88,11,10127.75,920.7045454545455,3544.7
CUST00102,7,12,11632.83,969.4025,4071.4900000000002
CUST00103,54,15,12443.11,829.5406666666667,4355.1
CUST00104,84,12,16202.37,1350.1975,5670.82
CUST00105,88,14,14484.22,1034.587142857143,5069.4800000000005
CUST00106,46,19,31712.07,1669.0563157894737,11099.23
CUST00107,101,17,22428.07,1319.2982352941176,7849.82
CUST00108,21,9,10631.85,1181.3166666666666,3721.14
CUST00109,3,12,5055.51,421.2925,1769.43
CUST00110,54,19,18770.96,987.9452631578947,6569.81
CUST00111,22,21,16383.92,780.1866666666667,5734.4
CUST00112,238,7,6632.97,947.5671428571429,2321.55
CUST00113,11,13,11086.19,852.7838461538462,3880.15
CUST00114,64,11,8514.88,774.0799999999999,2980.19
CUST00115,21,14,14652.48,1046.6057142857142,5128.38
CUST00116,72,7,3860.6000000000004,551.5142857142857,1351.21
CUST00117,100,14,18116.88,1294.0628571428572,6340.92
CUST00118,30,16,15926.83,995.426875,5574.38
CUST00119,14,16,22898.78,1431.17375,8014.570000000001
CUST00120,100,9,9559.58,1062.1755555555555,3345.86
CUST00121,45,23,18893.79,821.4691304347826,6612.81
CUST00122,101,14,17138.75,1224.1964285714287,5998.57
CUST00123,210,10,12268.98,1226.898,4294.14
CUST00124,177,11,7167.86,651.6236363636364,2508.76
CUST00125,21,19,23476.73,1235.6173684210526,8216.86
CUST00126,298,16,15935.54,995.97125,5577.429999999999
CUST00127,18,12,12919.41,1076.6175,4521.79
CUST00128,75,15,20155.62,1343.7079999999999,7054.46
CUST00129,9,16,14442.32,902.645,5054.8
CUST00130,96,6,3609.19,601.5316666666666,1263.21
CUST00131,6,11,7511.41,682.8554545454546,2628.98
CUST00132,27,14,15187.41,1084.815,5315.57
CUST00133,70,12,15781.5,1315.125,5523.52
CUST00134,71,11,12131.92,1102.9018181818183,4246.17
CUST00135,42,11,19377.2,1761.5636363636365,6782.03
CUST00136,45,12,13082.75,1090.2291666666667,4578.97
CUST00137,27,18,20368.19,1131.566111111111,7128.85
CUST00138,119,12,17019.82,1418.3183333333334,5956.93
CUST00139,71,13,9654.12,742.6246153846155,3378.9500000000003
CUST00140,32,19,24422.14,1285.375789473684,8547.74
CUST00141,3,15,9955.02,663.668,3484.26
CUST00142,5,15,19545.01,1303.0006666666666,6840.74
CUST00143,5,14,10494.76,749.6257142857143,3673.14
CUST00144,100,7,3484.09,497.7271428571429,1219.4199999999998
CUST00145,56,13,13517.35,1039.7961538461539,4731.07
CUST00146,29,15,16714.64,1114.3093333333334,5850.129999999999
CUST00147,87,15,16013.13,1067.542,5604.59
CUST00148,58,12,12121.470000000001,1010.1225000000001,4242.52
CUST00149,170,13,13675.3,1051.9461538461537,4786.36
CUST00150,346,5,2999.86,599.972,1049.96
CUST00151,41,13,13036.13,1002.7792307692307,4562.64
CUST00152,12,15,13128.21,875.2139999999999,4594.86
CUST00153,47,13,20048.06,1542.1584615384616,7016.81
CUST00154,297,7,7546.57,1078.0814285714284,2641.29
CUST00155,7,18,21027.67,1168.2038888888887,7359.68
CUST00156,14,14,12924.59,923.1850000000001,4523.61
CUST00157,38,14,19929.100000000002,1423.507142857143,6975.1900000000005
CUST00158,29,17,16943.510000000002,996.6770588235295,5930.2300000000005
CUST00159,33,11,9405.12,855.0109090909092,3291.79
CUST00160,26,17,24297.0,1429.235294117647,8503.96
CUST00161,80,11,11731.21,1066.4736363636364,4105.93
CUST00162,33,10,15708.51,1570.851,5497.97
CUST00163,2,9,9058.42,1006.4911111111111,3170.46
CUST00164,100,10,8653.99,865.399,3028.91
CUST00165,117,13,14447.07,1111.313076923077,5056.48
CUST00166,33,12,11099.53,924.9608333333334,3884.84
CUST00167,59,13,12737.05,979.7730769230768,4457.96
CUST00168,17,15,17181.93,1145.462,6013.68
CUST00169,64,16,19567.23,1222.951875,6848.53
CUST00170,300,9,8937.05,993.0055555555555,3127.9700000000003
CUST00171,21,12,6318.51,526.5425,2211.48
CUST00172,220,13,10752.720000000001,827.1323076923078,3763.45
CUST00173,20,14,16239.01,1159.9292857142857,5683.66
CUST00174,6,16,10430.759999999998,651.9224999999999,3650.7599999999998
CUST00175,4,18,22171.78,1231.7655555555555,7760.13
CUST00176,85,11,10794.54,981.3218181818182,3778.08
CUST00177,22,13,16219.539999999999,1247.656923076923,5676.85
CUST00178,160,10,12273.16,1227.316,4295.610000000001
CUST00179,18,13,14321.09,1101.6223076923077,5012.39
CUST00180,105,18,23493.0,1305.1666666666667,8222.55
CUST00181,21,10,13956.85,1395.685,4884.89
CUST00182,33,12,6687.03,557.2524999999999,2340.46
CUST00183,1,18,22791.7,1266.2055555555555,7977.09
CUST00184,142,12,13948.98,1162.415,4882.15
CUST00185,85,6,8884.06,1480.6766666666665,3109.42
CUST00186,12,17,13691.41,805.3770588235294,4791.98
CUST00187,4,16,12023.69,751.480625,4208.28
CUST00188,102,11,10350.23,940.93,3622.5699999999997
CUST00189,9,19,17127.42,901.4431578947367,5994.59
CUST00190,249,9,7712.68,856.9644444444444,2699.45
CUST00191,262,6,7119.84,1186.64,2491.95
CUST00192,185,7,8955.68,1279.3828571428571,3134.49
CUST00193,4,12,12213.49,1017.7908333333334,4274.71
CUST00194,180,12,11824.91,985.4091666666667,4138.72
CUST00195,63,5,3114.15,622.83,1089.95
CUST00196,62,15,21955.31,1463.6873333333335,7684.35
CUST00197,30,13,12306.8,946.676923076923,4307.38
CUST00198,49,14,13788.86,984.9185714285715,4826.09
CUST00199,153,9,4432.5199999999995,492.50222222222214,1551.3799999999999
CUST00200,28,14,10137.13,724.0807142857142,3548.0
CUST00201,227,15,14028.96,935.2639999999999,4910.15
CUST00202,5,13,11245.69,865.053076923077,3936.0
CUST00203,3,17,16480.15,969.4205882352942,5768.04
CUST00204,45,11,9060.24,823.6581818181818,3171.08
CUST00205,34,15,18675.39,1245.026,6536.38
CUST00206,172,14,14094.710000000001,1006.7650000000001,4933.14
CUST00207,34,17,17515.7,1030.3352941176472,6130.48
CUST00208,1,10,11903.21,1190.321,4166.12
CUST00209,70,22,31214.16,1418.8254545454545,10924.96
CUST00210,71,12,10413.9,867.8249999999999,3644.87
CUST00211,28,14,14446.539999999999,1031.8957142857141,5056.29
CUST00212,46,17,23454.47,1379.674705882353,8209.09
CUST00213,107,15,21586.17,1439.078,7555.15
CUST00214,54,19,16285.93,857.1542105263158,5700.07
CUST00215,26,12,11235.789999999999,936.3158333333332,3932.52
CUST00216,36,15,14464.5,964.3,5062.58
CUST00217,223,9,7224.82,802.7577777777777,2528.7
CUST00218,111,9,11394.25,1266.0277777777778,3987.98
CUST00219,60,16,11117.18,694.82375,3891.01
CUST00220,51,17,22584.5,1328.5,7904.57
CUST00221,26,17,14528.06,854.5917647058823,5084.8
CUST00222,182,12,14098.519999999999,1174.8766666666666,4934.47
CUST00223,86,9,6668.75,740.9722222222222,2334.06
CUST00224,62,14,20856.27,1489.7335714285714,7299.7
CUST00225,108,20,22168.32,1108.416,7758.9
CUST00226,261,10,13310.8,1331.08,4658.78
CUST00227,14,17,17106.71,1006.2770588235294,5987.349999999999
CUST00228,44,20,19333.53,966.6764999999999,6766.72
CUST00229,3,12,17851.15,1487.5958333333335,6247.88
CUST00230,16,17,20269.420000000002,1192.318823529412,7094.3099999999995
CUST00231,148,18,17428.62,968.2566666666667,6100.03
CUST00232,2,11,6213.93,564.9027272727272,2174.86
CUST00233,20,16,20281.92,1267.62,7098.67
CUST00234,4,22,21081.33,958.2422727272728,7378.46
CUST00235,70,10,6909.570000000001,690.9570000000001,2418.35
CUST00236,196,9,12636.550000000001,1404.0611111111111,4422.79
CUST00237,226,8,9069.45,1133.68125,3174.3
CUST00238,38,13,21327.1,1640.5461538461536,7464.49
CUST00239,53,11,12103.04,1100.2763636363636,4236.07
CUST00240,7,16,16106.48,1006.655,5637.26
CUST00241,258,11,6726.9400000000005,611.5400000000001,2354.42
CUST00242,38,9,14777.380000000001,1641.9311111111112,5172.08
CUST00243,151,13,10199.35,784.5653846153847,3569.78
CUST00244,24,16,11389.33,711.833125,3986.27
CUST00245,42,9,13062.69,1451.41,4571.96
CUST00246,22,17,18288.63,1075.8017647058823,6401.04
CUST00247,75,20,23342.7,1167.135,8169.9400000000005
CUST00248,15,16,19688.82,1230.55125,6891.1
CUST00249,62,12,14536.27,1211.3558333333333,5087.6900000000005
CUST00250,40,13,14900.43,1146.186923076923,5215.16
CUST00251,53,14,16765.35,1197.5249999999999,5867.87
CUST00252,7,13,16454.54,1265.7338461538461,5759.09
CUST00253,91,9,10964.82,1218.3133333333333,3837.69
CUST00254,12,15,13332.37,888.8246666666668,4666.31
CUST00255,113,14,16195.87,1156.8478571428573,5668.55
CUST00256,33,16,19921.28,1245.08,6972.4400000000005
CUST00257,6,11,17397.17,1581.560909090909,6089.01
CUST00258,6,16,13133.09,820.818125,4596.56
CUST00259,24,18,14667.16,814.8422222222222,5133.52
CUST00260,25,15,16705.16,1113.6773333333333,5846.8
CUST00261,42,12,12473.970000000001,1039.4975000000002,4365.91
CUST00262,110,16,14352.52,897.0325,5023.38
CUST00263,16,14,17110.88,1222.2057142857143,5988.79
CUST00264,69,12,9953.34,829.445,3483.66
CUST00265,21,12,11490.71,957.5591666666666,4021.76
CUST00266,17,18,19331.36,1073.9644444444446,6765.99
CUST00267,78,8,7414.58,926.8225,2595.11
CUST00268,58,13,17820.42,1370.8015384615383,6237.12
CUST00269,19,14,15527.880000000001,1109.1342857142859,5434.75
CUST00270,173,17,22283.74,1310.8082352941178,7799.33
CUST00271,79,14,11523.6,823.1142857142858,4033.2599999999998
CUST00272,176,12,13721.97,1143.4975,4802.7
CUST00273,23,19,29546.43,1555.0752631578948,10341.24
CUST00274,126,7,7631.29,1090.1842857142858,2670.97
CUST00275,76,7,6674.95,953.5642857142857,2336.2200000000003
CUST00276,63,10,13685.32,1368.532,4789.87
CUST00277,23,8,9630.21,1203.77625,3370.58
CUST00278,28,14,12057.62,861.2585714285715,4220.16
CUST00279,97,9,10226.91,1136.3233333333333,3579.4100000000003
CUST00280,126,15,19983.42,1332.2279999999998,6994.2
CUST00281,25,9,9634.55,1070.5055555555555,3372.1
CUST00282,187,7,6378.17,911.1671428571428,2232.35
CUST00283,19,17,17492.46,1028.9682352941177,6122.36
CUST00284,212,10,12548.58,1254.858,4392.01
CUST00285,198,16,14877.84,929.865,5207.24
CUST00286,84,11,12899.84,1172.7127272727273,4514.94
CUST00287,29,8,10245.45,1280.68125,3585.8999999999996
CUST00288,3,10,7678.01,767.801,2687.31
CUST00289,134,9,9388.85,1043.2055555555555,3286.11
CUST00290,104,10,12042.75,1204.275,4214.96
CUST00291,161,15,11487.14,765.8093333333333,4020.47
CUST00292,79,14,15490.24,1106.4457142857143,5421.58
CUST00293,57,19,19640.07,1033.687894736842,6874.04
CUST00294,24,13,10097.02,776.6938461538462,3533.96
CUST00295,67,12,13073.779999999999,1089.4816666666666,4575.84
CUST00296,3,13,12903.42,992.5707692307692,4516.21
CUST00297,158,12,15303.6,1275.3,5356.26
CUST00298,28,8,6450.49,806.31125,2257.67
CUST00299,57,10,11729.26,1172.926,4105.24
CUST00300,149,15,16414.91,1094.3273333333334,5745.22
CUST00301,19,10,8806.91,880.691,3082.42
CUST00302,1,15,15052.369999999999,1003.4913333333333,5268.33
CUST00303,49,11,11803.39,1073.0354545454545,4131.19
CUST00304,6,19,11036.38,580.8621052631579,3862.76
CUST00305,109,13,8612.7,662.5153846153846,3014.45
CUST00306,25,15,12176.66,811.7773333333333,4261.85
CUST00307,184,12,16762.47,1396.8725000000002,5866.86
CUST00308,115,11,11122.84,1011.1672727272727,3893.0
CUST00309,25,12,12158.17,1013.1808333333333,4255.35
CUST00310,65,11,9935.449999999999,903.2227272727272,3477.41
CUST00311,11,19,30512.36,1605.9136842105263,10679.31
CUST00312,102,12,11604.59,967.0491666666667,4061.62
CUST00313,21,12,9014.01,751.1675,3154.91
CUST00314,50,14,19436.84,1388.3457142857144,6802.89
CUST00315,10,9,9588.08,1065.3422222222223,3355.83
CUST00316,2,14,17516.14,1251.152857142857,6130.64
CUST00317,24,15,15860.98,1057.3986666666667,5551.35
CUST00318,210,12,14507.11,1208.9258333333335,5077.4800000000005
CUST00319,34,19,22115.44,1163.9705263157894,7740.39
CUST00320,21,24,21371.19,890.46625,7479.92
CUST00321,148,9,7890.9400000000005,876.7711111111112,2761.83
CUST00322,207,15,15535.16,1035.6773333333333,5437.29
CUST00323,128,13,10082.83,775.6023076923077,3528.99
CUST00324,108,14,13623.29,973.0921428571429,4768.14
CUST00325,3,17,21793.61,1281.9770588235294,7627.77
CUST00326,112,9,12404.73,1378.3033333333333,4341.64
CUST00327,10,18,24451.010000000002,1358.3894444444445,8557.84
CUST00328,60,14,18121.79,1294.4135714285715,6342.62
CUST00329,22,18,17271.13,959.5072222222223,6044.889999999999
CUST00330,63,14,11269.61,804.9721428571429,3944.36
CUST00331,112,11,12394.84,1126.8036363636363,4338.2
CUST00332,32,13,15471.83,1190.1407692307691,5415.14
CUST00333,223,21,24335.16,1158.817142857143,8517.32
CUST00334,361,9,14944.54,1660.5044444444445,5230.59
CUST00335,36,11,14394.61,1308.6009090909092,5038.12
CUST00336,254,16,16931.6,1058.225,5926.04
CUST00337,15,13,10474.15,805.7038461538461,3665.96
CUST00338,37,13,15927.73,1225.21,5574.71
CUST00339,296,12,15719.24,1309.9366666666667,5501.74
CUST00340,77,12,7146.42,595.535,2501.23
CUST00341,24,18,18922.88,1051.2711111111112,6623.0199999999995
CUST00342,91,17,21790.07,1281.7688235294117,7626.54
CUST00343,91,26,31852.63,1225.101153846154,11148.4
CUST00344,33,14,18323.16,1308.797142857143,6413.12
CUST00345,75,14,20165.37,1440.3835714285713,7057.89
CUST00346,179,12,11491.75,957.6458333333334,4022.13
CUST00347,71,17,14800.05,870.5911764705882,5179.98
CUST00348,254,9,12766.04,1418.448888888889,4468.11
CUST00349,106,13,17118.97,1316.8438461538462,5991.650000000001
CUST00350,1,21,26263.75,1250.654761904762,9192.31
CUST00351,1,26,35081.36,1349.283076923077,12278.47
CUST00352,200,6,10206.85,1701.1416666666667,3572.4
CUST00353,37,12,14080.01,1173.3341666666668,4928.0199999999995
CUST00354,3,8,6812.88,851.61,2384.5099999999998
CUST00355,23,13,14979.82,1152.293846153846,5242.93
CUST00356,12,14,16299.5,1164.25,5704.82
CUST00357,22,21,26635.63,1268.3633333333335,9322.449999999999
CUST00358,97,20,23548.18,1177.409,8241.869999999999
CUST00359,281,10,13970.310000000001,1397.0310000000002,4889.62
CUST00360,24,13,14790.73,1137.7484615384615,5176.75
CUST00361,4,15,11932.82,795.5213333333334,4176.49
CUST00362,59,17,17288.48,1016.9694117647059,6050.9800000000005
CUST00363,189,10,16538.85,1653.8849999999998,5788.6
CUST00364,3,11,11711.08,1064.6436363636365,4098.88
CUST00365,23,13,15600.130000000001,1200.01,5460.04
CUST00366,81,11,15384.75,1398.6136363636363,5384.66
CUST00367,67,24,29119.2,1213.3,10191.7
CUST00368,48,21,24267.11,1155.5766666666666,8493.48
CUST00369,30,17,15898.6,935.2117647058824,5564.53
CUST00370,37,8,7417.61,927.20125,2596.16
CUST00371,20,20,15472.970000000001,773.6485,5415.55
CUST00372,128,12,15524.369999999999,1293.6975,5433.53
CUST00373,22,17,18166.27,1068.604117647059,6358.21
CUST00374,95,11,11705.51,1064.1372727272728,4096.93
CUST00375,57,8,7345.139999999999,918.1424999999999,2570.79
CUST00376,49,12,11939.42,994.9516666666667,4178.79
CUST00377,60,17,19586.78,1152.1635294117646,6855.35
CUST00378,197,16,13095.17,818.448125,4583.3
CUST00379,71,11,15164.98,1378.6345454545453,5307.75
CUST00380,15,17,15387.34,905.1376470588235,5385.57
CUST00381,12,16,15500.31,968.769375,5425.1
CUST00382,92,15,13736.55,915.77,4807.82
CUST00383,208,14,18699.64,1335.6885714285713,6544.88
CUST00384,109,13,12202.08,938.6215384615384,4270.72
CUST00385,16,10,11188.35,1118.835,3915.92
CUST00386,117,6,2773.62,462.27,970.77
CUST00387,51,16,16819.34,1051.20875,5886.77
CUST00388,255,19,17242.82,907.5168421052631,6034.97
CUST00389,57,11,11109.75,1009.9772727272727,3888.4100000000003
CUST00390,38,13,13404.97,1031.1515384615384,4691.75
CUST00391,183,6,12365.04,2060.84,4327.77
CUST00392,23,13,12688.61,976.0469230769231,4441.0
CUST00393,6,13,14797.33,1138.256153846154,5179.06
CUST00394,21,12,10188.3,849.025,3565.91
CUST00395,15,19,25317.22,1332.485263157895,8861.03
CUST00396,408,10,11325.16,1132.516,3963.8
CUST00397,133,14,10759.55,768.5392857142857,3765.84
CUST00398,18,14,16767.45,1197.675,5868.61
CUST00399,26,19,23164.47,1219.1826315789474,8107.57
CUST00400,248,14,6404.07,457.4335714285714,2241.44
CUST00401,172,12,18823.43,1568.6191666666666,6588.19
CUST00402,8,15,16280.039999999999,1085.336,5698.0
CUST00403,53,15,13730.84,915.3893333333333,4805.8
CUST00404,26,11,7489.77,680.8881818181818,2621.43
CUST00405,89,7,10620.72,1517.2457142857143,3717.2599999999998
CUST00406,47,19,20410.61,1074.2426315789473,7143.68
CUST00407,120,17,21462.52,1262.5011764705882,7511.879999999999
CUST00408,33,13,17103.6,1315.6615384615384,5986.26
CUST00409,5,12,14800.44,1233.3700000000001,5180.15
CUST00410,2,16,19284.03,1205.251875,6749.42
CUST00411,151,7,6329.34,904.1914285714286,2215.27
CUST00412,33,16,20671.65,1291.978125,7235.07
CUST00413,192,12,11510.94,959.245,4028.83
CUST00414,110,12,10239.49,853.2908333333334,3583.84
CUST00415,39,13,7179.03,552.2330769230769,2512.65
CUST00416,113,13,17776.34,1367.4107692307693,6221.73
CUST00417,4,12,14181.92,1181.8266666666666,4963.67
CUST00418,247,7,8863.26,1266.18,3102.15
CUST00419,17,14,13706.12,979.0085714285715,4797.15
CUST00420,58,14,17534.7,1252.4785714285715,6137.15
CUST00421,11,20,16800.78,840.039,5880.29
CUST00422,14,12,11407.33,950.6108333333333,3992.56
CUST00423,105,10,10435.09,1043.509,3652.27
CUST00424,81,11,10741.51,976.5009090909091,3759.52
CUST00425,10,18,19031.11,1057.283888888889,6660.89
CUST00426,61,16,19559.69,1222.480625,6845.89
CUST00427,45,12,9576.24,798.02,3351.68
CUST00428,54,9,11454.84,1272.76,4009.19
CUST00429,10,9,6783.42,753.7133333333334,2374.18
CUST00430,78,13,17517.47,1347.4976923076924,6131.110000000001
CUST00431,81,11,15647.310000000001,1422.4827272727273,5476.55
CUST00432,121,13,15019.45,1155.3423076923077,5256.8
CUST00433,51,11,12154.67,1104.97,4254.13
CUST00434,17,13,11008.02,846.7707692307692,3852.8
CUST00435,29,12,11654.96,971.2466666666666,4079.23
CUST00436,44,13,16857.79,1296.753076923077,5900.24
CUST00437,71,12,13040.27,1086.6891666666668,4564.099999999999
CUST00438,29,22,19179.35,871.7886363636363,6712.79
CUST00439,33,12,16773.61,1397.8008333333335,5870.76
CUST00440,238,8,8953.29,1119.16125,3133.64
CUST00441,39,11,13190.19,1199.108181818182,4616.57
CUST00442,66,15,16122.41,1074.8273333333334,5642.86
CUST00443,129,8,6581.9,822.7375,2303.68
CUST00444,91,10,9197.27,919.7270000000001,3219.02
CUST00445,94,18,22549.13,1252.7294444444444,7892.16
CUST00446,10,13,14247.06,1095.9276923076923,4986.47
CUST00447,108,10,9273.53,927.3530000000001,3245.73
CUST00448,301,12,13799.88,1149.99,4829.95
CUST00449,110,11,14666.85,1333.3500000000001,5133.39
CUST00450,107,16,13156.35,822.271875,4604.74
CUST00451,60,16,15442.64,965.165,5404.93
CUST00452,2,17,17116.69,1006.8641176470587,5990.83
CUST00453,56,14,19055.4,1361.1000000000001,6669.38
CUST00454,40,8,9075.77,1134.47125,3176.52
CUST00455,531,9,17088.13,1898.6811111111112,5980.84
CUST00456,92,13,16564.69,1274.206923076923,5797.64
CUST00457,11,18,18454.95,1025.275,6459.2300000000005
CUST00458,13,19,20601.73,1084.3015789473684,7210.6
CUST00459,92,13,14416.21,1108.9392307692308,5045.67
CUST00460,6,15,10526.61,701.774,3684.31
CUST00461,10,17,17280.84,1016.52,6048.28
CUST00462,43,16,14791.39,924.461875,5176.98
CUST00463,96,13,13304.35,1023.4115384615385,4656.530000000001
CUST00464,154,12,18636.03,1553.0024999999998,6522.61
CUST00465,134,14,15401.16,1100.0828571428572,5390.39
CUST00466,68,11,11013.3,1001.2090909090908,3854.65
CUST00467,3,12,9545.16,795.43,3340.81
CUST00468,109,14,12370.94,883.6385714285715,4329.83
CUST00469,6,12,11756.32,979.6933333333333,4114.71
CUST00470,12,9,13338.08,1482.0088888888888,4668.34
CUST00471,23,18,24013.45,1334.0805555555555,8404.7
CUST00472,94,18,24737.18,1374.2877777777778,8658.0
CUST00473,136,17,20121.61,1183.624117647059,7042.56
CUST00474,103,8,8237.71,1029.71375,2883.21
CUST00475,102,21,16900.05,804.7642857142857,5915.0199999999995
CUST00476,15,15,14351.43,956.7620000000001,5022.99
CUST00477,256,15,19765.100000000002,1317.6733333333334,6917.8
CUST00478,18,11,11024.18,1002.1981818181819,3858.46
CUST00479,130,11,13881.28,1261.9345454545455,4858.44
CUST00480,542,10,13979.51,1397.951,4892.8099999999995
CUST00481,177,10,17540.57,1754.057,6139.2
CUST00482,54,9,10187.31,1131.9233333333332,3565.57
CUST00483,49,10,10451.08,1045.108,3657.87
CUST00484,170,7,10453.05,1493.292857142857,3658.57
CUST00485,270,8,7806.0,975.75,2732.1
CUST00486,6,18,18853.09,1047.3938888888888,6598.58
CUST00487,17,17,14511.039999999999,853.590588235294,5078.85
CUST00488,27,14,9230.62,659.33,3230.7
CUST00489,38,16,15519.289999999999,969.9556249999999,5431.74
CUST00490,46,6,10755.82,1792.6366666666665,3764.52
CUST00491,20,15,16010.03,1067.3353333333334,5603.51
CUST00492,704,12,12702.16,1058.5133333333333,4445.76
CUST00493,158,10,7228.66,722.866,2530.01
CUST00494,52,6,4808.860000000001,801.4766666666668,1683.1
CUST00495,131,14,9986.3,713.3071428571428,3495.2
CUST00496,42,12,10664.06,888.6716666666666,3732.4300000000003
CUST00497,13,25,28770.82,1150.8328,10069.789999999999
CUST00498,16,15,11931.4,795.4266666666666,4176.0
CUST00499,54,21,20176.53,960.7871428571428,7061.79
CUST00500,119,13,10866.88,835.9138461538461,3803.4
CUST00501,7,21,28504.63,1357.3633333333335,9976.630000000001
CUST00502,51,16,15776.99,986.061875,5521.93
CUST00503,174,10,7697.11,769.711,2693.97
CUST00504,117,13,14569.68,1120.7446153846154,5099.38
CUST00505,192,9,15335.57,1703.9522222222222,5367.45
CUST00506,13,14,16108.300000000001,1150.5928571428572,5637.92
CUST00507,60,14,11938.49,852.7492857142857,4178.47
CUST00508,102,15,18695.16,1246.344,6543.3
CUST00509,29,21,23397.22,1114.1533333333334,8189.04
CUST00510,188,7,13011.1,1858.7285714285715,4553.89
CUST00511,32,14,14074.99,1005.3564285714285,4926.2300000000005
CUST00512,203,13,17028.7,1309.9,5960.04
CUST00513,153,13,13697.18,1053.6292307692308,4794.01
CUST00514,2,15,19376.48,1291.7653333333333,6781.76
CUST00515,55,10,13361.51,1336.151,4676.53
CUST00516,12,16,17269.19,1079.324375,6044.21
CUST00517,15,17,19160.5,1127.0882352941176,6706.2
CUST00518,2,17,17052.7,1003.1,5968.45
CUST00519,57,13,15620.04,1201.5415384615385,5467.02
CUST00520,155,7,4086.9300000000003,583.8471428571429,1430.43
CUST00521,124,15,14622.25,974.8166666666667,5117.82
CUST00522,31,13,16483.71,1267.9776923076922,5769.28
CUST00523,14,15,15844.64,1056.3093333333334,5545.63
CUST00524,53,15,16449.73,1096.6486666666667,5757.42
CUST00525,52,19,22935.75,1207.1447368421052,8027.52
CUST00526,99,12,8308.19,692.3491666666667,2907.85
CUST00527,10,9,7313.12,812.5688888888889,2559.6
CUST00528,37,18,24965.24,1386.957777777778,8737.84
CUST00529,65,10,14700.18,1470.018,5145.07
CUST00530,35,17,19532.04,1148.9435294117648,6836.22
CUST00531,15,16,12683.539999999999,792.7212499999999,4439.24
CUST00532,19,17,16910.33,994.7252941176472,5918.63
CUST00533,34,13,15141.240000000002,1164.7107692307693,5299.45
CUST00534,50,18,17086.57,949.2538888888889,5980.3
CUST00535,16,12,12681.58,1056.7983333333334,4438.55
CUST00536,14,14,9113.99,650.9992857142857,3189.91
CUST00537,15,14,16200.1,1157.15,5670.03
CUST00538,51,20,21122.95,1056.1475,7393.04
CUST00539,22,13,16502.81,1269.4469230769232,5775.98
CUST00540,123,15,10920.130000000001,728.0086666666667,3822.05
CUST00541,19,20,24958.58,1247.929,8735.52
CUST00542,25,15,12934.42,862.2946666666667,4527.05
CUST00543,15,20,23815.73,1190.7865,8335.5
CUST00544,79,10,13744.33,1374.433,4810.52
CUST00545,53,13,13757.04,1058.2338461538461,4814.97
CUST00546,128,9,8083.04,898.1155555555556,2829.0699999999997
CUST00547,57,17,20668.97,1215.8217647058825,7234.15
CUST00548,42,12,11089.0,924.0833333333334,3881.1600000000003
CUST00549,3,20,24223.46,1211.173,8478.18
CUST00550,114,11,11835.33,1075.939090909091,4142.37
CUST00551,75,9,9846.88,1094.0977777777778,3446.41
CUST00552,114,8,9918.01,1239.75125,3471.31
CUST00553,199,13,10927.11,840.5469230769231,3824.49
CUST00554,4,14,19856.75,1418.3392857142858,6949.85
CUST00555,44,16,14748.43,921.776875,5161.95
CUST00556,17,19,22990.44,1210.0231578947369,8046.65
CUST00557,78,17,13197.68,776.3341176470589,4619.2
CUST00558,148,13,13268.39,1020.6453846153846,4643.9400000000005
CUST00559,20,11,13953.79,1268.5263636363636,4883.82
CUST00560,121,17,23620.78,1389.4576470588236,8267.26
CUST00561,10,15,13237.07,882.4713333333333,4632.9800000000005
CUST00562,25,8,9738.2,1217.275,3408.38
CUST00563,23,9,12515.32,1390.591111111111,4380.37
CUST00564,166,13,14939.34,1149.18,5228.76
CUST00565,113,16,15452.78,965.79875,5408.48
CUST00566,2,16,20012.440000000002,1250.7775000000001,7004.349999999999
CUST00567,159,11,14270.9,1297.3545454545454,4994.81
CUST00568,158,20,26191.41,1309.5705,9167.0
CUST00569,84,14,20520.85,1465.7749999999999,7182.29
CUST00570,67,18,21884.06,1215.7811111111112,7659.42
CUST00571,121,15,14604.72,973.6479999999999,5111.67
CUST00572,146,16,16448.18,1028.01125,5756.85
CUST00573,194,19,24328.5,1280.4473684210527,8514.98
CUST00574,100,16,15764.630000000001,985.2893750000001,5517.61
CUST00575,33,13,12218.59,939.8915384615385,4276.49
CUST00576,5,15,17651.59,1176.7726666666667,6178.07
CUST00577,324,10,9881.35,988.135,3458.4700000000003
CUST00578,96,20,19072.27,953.6135,6675.29
CUST00579,129,16,17028.56,1064.285,5960.0
CUST00580,58,16,20130.86,1258.17875,7045.8
CUST00581,12,10,15660.12,1566.0120000000002,5481.05
CUST00582,4,13,14982.880000000001,1152.529230769231,5243.99
CUST00583,264,11,7681.96,698.36,2688.69
CUST00584,117,21,23937.37,1139.874761904762,8378.07
CUST00585,137,15,15907.08,1060.472,5567.5
CUST00586,213,16,16858.8,1053.675,5900.59
CUST00587,140,12,10647.01,887.2508333333334,3726.45
CUST00588,90,15,17835.17,1189.0113333333331,6242.33
CUST00589,508,6,5923.22,987.2033333333334,2073.14
CUST00590,7,14,12942.23,924.4449999999999,4529.8
CUST00591,31,7,9608.66,1372.6657142857143,3363.0299999999997
CUST00592,13,14,13387.630000000001,956.2592857142857,4685.68
CUST00593,75,16,14557.029999999999,909.8143749999999,5094.96
CUST00594,130,15,18123.04,1208.2026666666668,6343.08
CUST00595,252,14,14069.279999999999,1004.9485714285713,4924.24
CUST00596,65,8,8321.82,1040.2275,2912.64
CUST00597,14,13,9541.130000000001,733.933076923077,3339.4
CUST00598,92,7,6744.07,963.4385714285714,2360.41
CUST00599,32,13,16330.619999999999,1256.2015384615383,5715.71
CUST00600,82,12,10750.75,895.8958333333334,3762.76
CUST00601,75,18,20007.13,1111.5072222222223,7002.5
CUST00602,257,15,16105.24,1073.6826666666666,5636.82
CUST00603,78,17,15715.82,924.46,5500.54
CUST00604,64,10,12669.02,1266.902,4434.150000000001
CUST00605,6,9,13392.54,1488.0600000000002,4687.4
CUST00606,110,16,13428.98,839.31125,4700.139999999999
CUST00607,29,13,12781.64,983.2030769230769,4473.58
CUST00608,68,12,11933.140000000001,994.4283333333334,4176.59
CUST00609,318,6,8312.16,1385.36,2909.24
CUST00610,7,12,12018.73,1001.5608333333333,4206.54
CUST00611,51,11,8574.08,779.4618181818182,3000.92
CUST00612,40,10,7799.73,779.973,2729.91
CUST00613,64,9,10336.2,1148.4666666666667,3617.67
CUST00614,55,17,18870.07,1110.0041176470588,6604.51
CUST00615,38,17,18202.47,1070.7335294117647,6370.86
CUST00616,117,9,6515.759999999999,723.9733333333332,2280.5099999999998
CUST00617,58,14,17942.04,1281.5742857142857,6279.71
CUST00618,19,18,13545.74,752.5411111111111,4741.02
CUST00619,109,12,13325.63,1110.4691666666665,4663.95
CUST00620,122,12,18472.66,1539.3883333333333,6465.44
CUST00621,241,16,15187.64,949.2275,5315.68
CUST00622,54,11,6828.59,620.7809090909091,2390.01
CUST00623,11,17,16618.32,977.5482352941176,5816.4
CUST00624,19,17,18504.58,1088.504705882353,6476.61
CUST00625,12,10,12474.03,1247.403,4365.92
CUST00626,49,10,12420.26,1242.026,4347.09
CUST00627,26,16,19930.489999999998,1245.6556249999999,6975.66
CUST00628,42,10,6705.08,670.508,2346.7799999999997
CUST00629,105,12,10666.43,888.8691666666667,3733.2799999999997
CUST00630,41,14,14672.25,1048.017857142857,5135.3
CUST00631,9,12,8830.630000000001,735.8858333333334,3090.71
CUST00632,75,17,18187.07,1069.8276470588235,6365.5
CUST00633,7,17,11955.98,703.2929411764705,4184.61
CUST00634,209,10,13410.25,1341.025,4693.58
CUST00635,79,15,19462.39,1297.4926666666665,6811.84
CUST00636,70,11,17748.95,1613.540909090909,6212.14
CUST00637,56,22,22448.76,1020.3981818181818,7857.05
CUST00638,95,11,14068.6,1278.9636363636364,4924.0
CUST00639,98,17,18063.38,1062.5517647058823,6322.18
CUST00640,7,15,11448.97,763.2646666666666,4007.11
CUST00641,151,8,6923.59,865.44875,2423.2599999999998
CUST00642,296,15,11572.96,771.5306666666667,4050.54
CUST00643,45,15,11155.19,743.6793333333334,3904.3
CUST00644,13,15,15375.859999999999,1025.0573333333332,5381.57
CUST00645,12,9,8382.619999999999,931.4022222222221,2933.9300000000003
CUST00646,49,16,13201.300000000001,825.0812500000001,4620.45
CUST00647,315,10,8575.53,857.5530000000001,3001.44
CUST00648,133,13,17858.0,1373.6923076923076,6250.29
CUST00649,222,16,17916.34,1119.77125,6270.74
CUST00650,76,9,13242.36,1471.3733333333334,4634.83
CUST00651,71,14,12295.640000000001,878.2600000000001,4303.48
CUST00652,19,14,15729.17,1123.5121428571429,5505.21
CUST00653,228,14,18253.57,1303.8264285714286,6388.75
CUST00654,105,20,21233.88,1061.694,7431.84
CUST00655,103,14,13774.26,983.8757142857143,4820.97
CUST00656,108,9,7068.05,785.338888888889,2473.82
CUST00657,10,21,23956.69,1140.7947619047618,8384.85
CUST00658,15,11,9670.81,879.1645454545454,3384.77
CUST00659,190,9,8102.69,900.2988888888889,2835.94
CUST00660,266,13,13054.95,1004.2269230769232,4569.22
CUST00661,22,16,18276.44,1142.2775,6396.77
CUST00662,112,14,15208.03,1086.287857142857,5322.8099999999995
CUST00663,13,8,10021.38,1252.6725,3507.49
CUST00664,22,16,16277.31,1017.331875,5697.04
CUST00665,102,9,14052.36,1561.3733333333334,4918.33
CUST00666,16,18,17355.31,964.183888888889,6074.33
CUST00667,97,16,24797.21,1549.825625,8679.01
CUST00668,2,8,6641.92,830.24,2324.68
CUST00669,5,12,12656.27,1054.6891666666668,4429.68
CUST00670,333,10,6086.7300000000005,608.673,2130.35
CUST00671,79,14,14606.74,1043.3385714285714,5112.35
CUST00672,150,14,17926.0,1280.4285714285713,6274.1
CUST00673,9,12,16006.1,1333.8416666666667,5602.13
CUST00674,18,13,15651.42,1203.9553846153847,5478.0
CUST00675,131,13,11527.869999999999,886.7592307692307,4034.76
CUST00676,69,13,10815.85,831.9884615384616,3785.54
CUST00677,168,13,15741.84,1210.9107692307693,5509.63
CUST00678,101,14,17006.94,1214.7814285714285,5952.4400000000005
CUST00679,7,14,16134.12,1152.4371428571428,5646.96
CUST00680,7,17,12040.55,708.2676470588235,4214.19
CUST00681,126,13,13460.27,1035.4053846153847,4711.11
CUST00682,259,8,6168.81,771.10125,2159.08
CUST00683,26,11,10029.09,911.7354545454546,3510.18
CUST00684,251,10,10054.4,1005.4399999999999,3519.0400000000004
CUST00685,82,14,11335.210000000001,809.6578571428572,3967.33
CUST00686,99,15,17120.89,1141.3926666666666,5992.3099999999995
CUST00687,82,11,7572.04,688.3672727272727,2650.21
CUST00688,133,11,14690.99,1335.5445454545454,5141.85
CUST00689,279,6,6555.28,1092.5466666666666,2294.35
CUST00690,12,17,14189.33,834.6664705882353,4966.29
CUST00691,3,14,8432.68,602.3342857142858,2951.42
CUST00692,21,10,13724.94,1372.4940000000001,4803.71
CUST00693,204,8,7138.23,892.27875,2498.39
CUST00694,126,12,10333.6,861.1333333333333,3616.76
CUST00695,61,12,15358.300000000001,1279.8583333333333,5375.4
CUST00696,269,4,4228.18,1057.045,1479.87
CUST00697,150,9,13477.95,1497.5500000000002,4717.29
CUST00698,9,9,8469.61,941.0677777777778,2964.3599999999997
CUST00699,57,18,19437.98,1079.8877777777777,6803.29
CUST00700,365,11,7240.889999999999,658.2627272727273,2534.3
CUST00701,87,19,17531.76,922.7242105263157,6136.13
CUST00702,26,12,12248.64,1020.7199999999999,4287.03
CUST00703,73,14,13008.64,929.1885714285714,4553.03
CUST00704,2,12,15068.16,1255.68,5273.86
CUST00705,186,13,16137.78,1241.3676923076923,5648.23
CUST00706,60,11,10140.300000000001,921.8454545454547,3549.1
CUST00707,162,15,14999.32,999.9546666666666,5249.7699999999995
CUST00708,50,12,10070.38,839.1983333333333,3524.61
CUST00709,114,12,9686.27,807.1891666666667,3390.1800000000003
CUST00710,30,7,10481.11,1497.3014285714287,3668.4
CUST00711,121,11,9027.37,820.6700000000001,3159.58
CUST00712,4,9,13501.369999999999,1500.152222222222,4725.47
CUST00713,100,15,23717.94,1581.196,8301.27
CUST00714,98,10,13941.92,1394.192,4879.68
CUST00715,91,17,17252.53,1014.8547058823528,6038.38
CUST00716,20,9,7984.7,887.1888888888889,2794.64
CUST00717,40,13,12416.67,955.1284615384616,4345.84
CUST00718,101,12,8873.039999999999,739.42,3105.56
CUST00719,30,14,16579.7,1184.2642857142857,5802.9
CUST00720,64,12,12472.77,1039.3975,4365.4800000000005
CUST00721,117,15,16295.92,1086.3946666666666,5703.58
CUST00722,195,11,12722.529999999999,1156.5936363636363,4452.88
CUST00723,78,17,15213.68,894.9223529411765,5324.8
CUST00724,82,18,22017.53,1223.1961111111111,7706.13
CUST00725,15,14,13962.14,997.2957142857142,4886.7699999999995
CUST00726,59,15,14357.05,957.1366666666667,5024.97
CUST00727,19,15,25943.94,1729.596,9080.38
CUST00728,154,10,12160.55,1216.0549999999998,4256.2
CUST00729,3,12,15816.92,1318.0766666666666,5535.95
CUST00730,29,11,11209.42,1019.0381818181818,3923.3
CUST00731,60,15,10136.51,675.7673333333333,3547.77
CUST00732,28,15,16541.170000000002,1102.7446666666667,5789.4
CUST00733,12,16,16645.1,1040.31875,5825.79
CUST00734,91,14,15190.31,1085.0221428571429,5316.59
CUST00735,134,8,7352.4800000000005,919.0600000000001,2573.37
CUST00736,6,19,24016.15,1264.0078947368422,8405.65
CUST00737,48,12,13578.09,1131.5075,4752.320000000001
CUST00738,3,17,12751.16,750.0682352941176,4462.92
CUST00739,51,10,14464.15,1446.415,5062.4400000000005
CUST00740,96,11,10636.66,966.9690909090909,3722.83
CUST00741,55,17,22390.85,1317.1088235294117,7836.79
CUST00742,3,23,19765.36,859.3634782608696,6917.88
CUST00743,123,13,9376.32,721.2553846153846,3281.71
CUST00744,183,12,13212.78,1101.065,4624.47
CUST00745,38,10,17055.07,1705.507,5969.28
CUST00746,17,10,15886.66,1588.666,5560.34
CUST00747,66,10,6829.48,682.948,2390.32
CUST00748,161,10,8460.24,846.024,2961.08
CUST00749,25,21,24301.41,1157.21,8505.49
CUST00750,76,15,15544.25,1036.2833333333333,5440.49
CUST00751,211,9,8358.08,928.6755555555555,2925.33
CUST00752,24,10,7497.08,749.708,2623.98
CUST00753,47,13,15423.11,1186.393076923077,5398.07
CUST00754,47,15,15711.53,1047.4353333333333,5499.05
CUST00755,131,12,11292.42,941.035,3952.3599999999997
CUST00756,174,15,8144.34,542.956,2850.5299999999997
CUST00757,4,19,14762.91,776.9952631578948,5167.01
CUST00758,152,10,10296.369999999999,1029.637,3603.74
CUST00759,77,11,9792.23,890.2027272727272,3427.2799999999997
CUST00760,1,10,12738.4,1273.84,4458.44
CUST00761,18,23,19575.07,851.09,6851.25
CUST00762,56,12,14500.4,1208.3666666666666,5075.13
CUST00763,20,12,16545.77,1378.8141666666668,5791.02
CUST00764,19,10,5810.61,581.0609999999999,2033.71
CUST00765,20,20,16277.49,813.8745,5697.12
CUST00766,13,17,17751.79,1044.2229411764706,6213.12
CUST00767,89,8,10883.66,1360.4575,3809.2799999999997
CUST00768,87,16,15446.94,965.43375,5406.429999999999
CUST00769,81,12,12922.810000000001,1076.9008333333334,4522.98
CUST00770,3,12,14768.06,1230.6716666666666,5168.83
CUST00771,34,12,15463.07,1288.5891666666666,5412.06
CUST00772,184,10,7068.92,706.892,2474.13
CUST00773,91,15,15805.78,1053.7186666666666,5532.02
CUST00774,19,16,20635.06,1289.69125,7222.25
CUST00775,31,16,11059.97,691.248125,3870.9900000000002
CUST00776,173,11,12688.16,1153.469090909091,4440.86
CUST00777,39,13,11652.65,896.3576923076923,4078.42
CUST00778,125,14,17457.39,1246.9564285714284,6110.1
CUST00779,5,10,15305.43,1530.5430000000001,5356.889999999999
CUST00780,185,11,17245.5,1567.7727272727273,6035.92
CUST00781,44,13,13506.5,1038.9615384615386,4727.2699999999995
CUST00782,103,4,6295.389999999999,1573.8474999999999,2203.4
CUST00783,24,11,12702.72,1154.7927272727272,4445.94
CUST00784,128,12,15904.7,1325.3916666666667,5566.63
CUST00785,247,10,11126.449999999999,1112.645,3894.2699999999995
CUST00786,186,12,10339.95,861.6625,3618.95
CUST00787,37,14,19201.45,1371.5321428571428,6720.51
CUST00788,20,10,11777.55,1177.7549999999999,4122.15
CUST00789,198,6,6763.1,1127.1833333333334,2367.08
CUST00790,276,12,16614.67,1384.555833333333,5815.14
CUST00791,60,26,26855.43,1032.9011538461539,9399.39
CUST00792,26,17,24131.49,1419.4994117647059,8446.0
CUST00793,79,13,9468.3,728.3307692307692,3313.9
CUST00794,97,14,13681.79,977.2707142857143,4788.63
CUST00795,176,13,12531.76,963.9815384615384,4386.12
CUST00796,43,14,12362.71,883.0507142857142,4326.93
CUST00797,122,11,11857.57,1077.9609090909091,4150.15
CUST00798,277,14,16782.17,1198.7264285714284,5873.76
CUST00799,9,15,9481.02,632.068,3318.36
CUST00800,36,14,12107.08,864.7914285714286,4237.4800000000005
CUST00801,40,16,7967.22,497.95125,2788.52
CUST00802,11,9,10092.3,1121.3666666666666,3532.31
CUST00803,41,6,12639.9,2106.65,4423.96
CUST00804,38,14,11097.42,792.6728571428572,3884.1
CUST00805,26,13,17311.379999999997,1331.6446153846152,6058.96
CUST00806,13,11,11078.35,1007.1227272727273,3877.41
CUST00807,85,9,5623.58,624.8422222222222,1968.25
CUST00808,156,11,14077.039999999999,1279.730909090909,4926.96
CUST00809,6,16,20963.49,1310.218125,7337.2
CUST00810,152,10,9837.22,983.722,3443.02
CUST00811,293,13,11439.61,879.97,4003.86
CUST00812,123,19,14891.08,783.7410526315789,5211.88
CUST00813,96,11,14056.93,1277.9027272727274,4919.93
CUST00814,63,11,14246.14,1295.1036363636363,4986.16
CUST00815,250,9,9839.92,1093.3244444444445,3443.9700000000003
CUST00816,184,15,12597.34,839.8226666666667,4409.09
CUST00817,10,11,11785.49,1071.408181818182,4124.91
CUST00818,1,14,14451.630000000001,1032.2592857142859,5058.07
CUST00819,3,14,16045.580000000002,1146.1128571428574,5615.95
CUST00820,34,16,18171.89,1135.743125,6360.150000000001
CUST00821,17,13,10922.960000000001,840.2276923076923,3823.03
CUST00822,235,7,5137.92,733.9885714285714,1798.27
CUST00823,20,12,10534.0,877.8333333333334,3686.91
CUST00824,48,19,18135.87,954.5194736842104,6347.55
CUST00825,55,8,10445.35,1305.66875,3655.87
CUST00826,38,11,8113.06,737.5509090909092,2839.59
CUST00827,229,8,9249.279999999999,1156.1599999999999,3237.24
CUST00828,210,14,17696.93,1264.0664285714286,6193.92
CUST00829,242,13,6476.7,498.2076923076923,2266.85
CUST00830,42,9,7018.27,779.8077777777778,2456.4
CUST00831,9,19,22526.59,1185.61,7884.29
CUST00832,154,10,10401.720000000001,1040.172,3640.6
CUST00833,143,9,10654.47,1183.83,3729.06
CUST00834,33,13,17035.85,1310.4499999999998,5962.57
CUST00835,49,15,14058.18,937.212,4920.35
CUST00836,79,17,16022.22,942.4835294117647,5607.77
CUST00837,14,15,21662.649999999998,1444.1766666666665,7581.93
CUST00838,83,11,12946.17,1176.9245454545455,4531.16
CUST00839,62,10,8849.32,884.932,3097.28
CUST00840,16,15,19069.2,1271.28,6674.21
CUST00841,58,18,18683.91,1037.995,6539.39
CUST00842,76,11,8973.53,815.7754545454546,3140.7200000000003
CUST00843,316,9,8226.19,914.0211111111112,2879.1800000000003
CUST00844,123,11,13874.92,1261.3563636363635,4856.22
CUST00845,20,18,17424.91,968.0505555555555,6098.71
CUST00846,6,14,14874.6,1062.4714285714285,5206.12
CUST00847,26,13,12987.45,999.0346153846154,4545.63
CUST00848,28,11,6445.84,585.9854545454546,2256.04
CUST00849,114,12,11142.17,928.5141666666667,3899.74
CUST00850,39,13,13215.119999999999,1016.5476923076923,4625.3099999999995
CUST00851,133,15,15237.74,1015.8493333333333,5333.2300000000005
CUST00852,31,11,10031.31,911.9372727272727,3510.97
CUST00853,13,11,10922.01,992.91,3822.7000000000003
CUST00854,57,13,9028.67,694.5130769230769,3160.04
CUST00855,138,14,7905.14,564.6528571428572,2766.79
CUST00856,15,10,18840.17,1884.0169999999998,6594.0599999999995
CUST00857,88,10,12360.720000000001,1236.0720000000001,4326.26
CUST00858,153,15,13104.369999999999,873.6246666666666,4586.52
CUST00859,246,9,10509.44,1167.7155555555555,3678.29
CUST00860,102,17,21198.23,1246.954705882353,7419.37
CUST00861,110,21,19177.26,913.202857142857,6712.04
CUST00862,170,11,9716.47,883.3154545454545,3400.76
CUST00863,69,9,13665.68,1518.408888888889,4782.99
CUST00864,73,9,13730.46,1525.6066666666666,4805.66
CUST00865,41,13,11888.29,914.4838461538462,4160.9
CUST00866,32,9,8394.34,932.7044444444444,2938.02
CUST00867,66,14,13807.29,986.235,4832.54
CUST00868,271,10,6524.969999999999,652.497,2283.75
CUST00869,12,16,10017.77,626.110625,3506.2000000000003
CUST00870,121,19,22056.73,1160.8805263157894,7719.85
CUST00871,104,11,11239.67,1021.7881818181818,3933.8700000000003
CUST00872,474,12,13788.17,1149.0141666666666,4825.85
CUST00873,128,12,12521.17,1043.4308333333333,4382.42
CUST00874,14,15,20772.87,1384.858,7270.5199999999995
CUST00875,411,8,9975.6,1246.95,3491.46
CUST00876,54,18,24966.11,1387.006111111111,8738.15
CUST00877,8,14,18890.17,1349.297857142857,6611.55
CUST00878,18,20,12886.05,644.3025,4510.1
CUST00879,89,19,17511.85,921.6763157894736,6129.14
CUST00880,120,10,12561.57,1256.157,4396.53
CUST00881,21,14,7694.8,549.6285714285715,2693.2
CUST00882,81,19,18120.29,953.6994736842106,6342.1
CUST00883,126,22,19632.21,892.3731818181818,6871.2699999999995
CUST00884,67,12,12260.8,1021.7333333333332,4291.28
CUST00885,71,8,9429.97,1178.74625,3300.48
CUST00886,3,18,17963.64,997.98,6287.25
CUST00887,40,17,17648.79,1038.164117647059,6177.05
CUST00888,10,13,16944.16,1303.396923076923,5930.46
CUST00889,90,13,10908.960000000001,839.1507692307694,3818.12
CUST00890,18,13,16535.629999999997,1271.9715384615383,5787.46
CUST00891,26,10,13306.01,1330.601,4657.08
CUST00892,240,18,17170.64,953.9244444444444,6009.72
CUST00893,234,12,14924.539999999999,1243.7116666666666,5223.59
CUST00894,18,14,14355.550000000001,1025.3964285714287,5024.45
CUST00895,58,13,18368.39,1412.9530769230769,6428.92
CUST00896,25,25,26133.61,1045.3444,9146.78
CUST00897,141,7,5625.57,803.6528571428571,1968.96
CUST00898,98,22,28381.29,1290.0586363636364,9933.45
CUST00899,12,13,15682.91,1206.3776923076923,5489.01
CUST00900,13,13,16761.670000000002,1289.3592307692309,5866.58
CUST00901,41,22,20694.14,940.6427272727273,7242.96
CUST00902,198,11,12558.27,1141.6609090909092,4395.38
CUST00903,65,19,18911.91,995.3636842105263,6619.17
CUST00904,130,9,8306.36,922.928888888889,2907.22
CUST00905,32,12,8326.66,693.8883333333333,2914.33
CUST00906,152,10,12586.15,1258.615,4405.15
CUST00907,2,17,11695.039999999999,687.9435294117646,4093.29
CUST00908,1,21,27396.93,1304.6157142857144,9588.91
CUST00909,106,12,8913.82,742.8183333333333,3119.83
CUST00910,86,13,15136.6,1164.3538461538462,5297.82
CUST00911,58,17,17398.83,1023.4605882352943,6089.59
CUST00912,106,14,14212.92,1015.2085714285714,4974.53
CUST00913,30,19,17574.21,924.9584210526315,6150.99
CUST00914,73,10,10165.619999999999,1016.5619999999999,3557.96
CUST00915,51,17,11751.73,691.2782352941176,4113.12
CUST00916,122,14,6369.93,454.995,2229.48
CUST00917,30,17,16208.8,953.4588235294117,5673.09
CUST00918,89,12,18357.45,1529.7875000000001,6425.13
CUST00919,159,16,19155.26,1197.20375,6704.37
CUST00920,5,19,25519.98,1343.1568421052632,8931.98
CUST00921,68,15,15690.03,1046.002,5491.51
CUST00922,88,14,16871.11,1205.0792857142858,5904.9
CUST00923,18,10,7543.63,754.363,2640.27
CUST00924,37,13,16760.02,1289.2323076923078,5866.0
CUST00925,4,15,18399.23,1226.6153333333334,6439.74
CUST00926,47,14,16837.63,1202.6878571428572,5893.17
CUST00927,7,10,10976.15,1097.615,3841.65
CUST00928,39,13,16370.33,1259.256153846154,5729.61
CUST00929,91,12,14344.54,1195.3783333333333,5020.58
CUST00930,41,14,16336.0,1166.857142857143,5717.61
CUST00931,12,19,21373.32,1124.9115789473683,7480.65
CUST00932,167,11,14070.960000000001,1279.1781818181819,4924.83
CUST00933,6,11,16561.91,1505.6281818181817,5796.639999999999
CUST00934,157,14,17349.69,1239.2635714285714,6072.38
CUST00935,97,8,9077.78,1134.7225,3177.2200000000003
CUST00936,216,21,28199.16,1342.817142857143,9869.69
CUST00937,70,14,16362.289999999999,1168.735,5726.79
CUST00938,27,20,18672.18,933.609,6535.28
CUST00939,134,11,13479.74,1225.4309090909092,4717.89
CUST00940,103,18,15999.16,888.8422222222222,5599.71
CUST00941,9,15,18523.920000000002,1234.928,6483.35
CUST00942,53,11,11128.68,1011.6981818181819,3895.03
CUST00943,30,14,15265.05,1090.3607142857143,5342.78
CUST00944,21,17,19815.03,1165.59,6935.25
CUST00945,10,13,13669.09,1051.4684615384615,4784.18
CUST00946,57,16,19071.44,1191.965,6675.0
CUST00947,243,8,7124.15,890.51875,2493.45
CUST00948,10,25,28638.91,1145.5564,10023.619999999999
CUST00949,85,11,14510.48,1319.1345454545453,5078.67
CUST00950,299,6,4434.74,739.1233333333333,1552.16
CUST00951,104,7,9819.88,1402.84,3436.94
CUST00952,12,18,23629.170000000002,1312.7316666666668,8270.21
CUST00953,455,4,717.18,179.295,251.01999999999998
CUST00954,207,14,15884.33,1134.595,5559.51
CUST00955,181,16,19888.81,1243.050625,6961.09
CUST00956,6,11,11882.91,1080.2645454545454,4159.0199999999995
CUST00957,62,13,10085.67,775.8207692307692,3529.97
CUST00958,40,14,16458.69,1175.6207142857143,5760.52
CUST00959,143,24,23718.079999999998,988.2533333333332,8301.35
CUST00960,62,13,12742.58,980.1984615384615,4459.9
CUST00961,3,19,26020.31,1369.49,9107.1
CUST00962,18,16,12701.43,793.839375,4445.51
CUST00963,5,9,10860.85,1206.7611111111112,3801.3
CUST00964,204,13,15416.47,1185.8823076923077,5395.74
CUST00965,11,21,26134.71,1244.51,9147.15
CUST00966,59,9,6332.22,703.58,2216.2599999999998
CUST00967,231,11,9337.22,848.8381818181817,3268.03
CUST00968,126,13,12907.93,992.9176923076923,4517.78
CUST00969,159,8,7064.780000000001,883.0975000000001,2472.67
CUST00970,44,10,8556.54,855.6540000000001,2994.8
CUST00971,24,13,13114.53,1008.8100000000001,4590.09
CUST00972,71,15,16658.83,1110.5886666666668,5830.59
CUST00973,79,19,17903.6,942.2947368421052,6266.26
CUST00974,195,10,7535.86,753.586,2637.55
CUST00975,209,12,17744.54,1478.7116666666668,6210.6
CUST00976,189,8,8631.8,1078.975,3021.12
CUST00977,50,12,12300.71,1025.0591666666667,4305.25
CUST00978,1,15,13176.11,878.4073333333333,4611.65
CUST00979,37,8,13751.460000000001,1718.9325000000001,4813.01
CUST00980,56,14,11598.58,828.47,4059.48
CUST00981,55,15,19215.27,1281.018,6725.33
CUST00982,99,11,11186.07,1016.9154545454545,3915.13
CUST00983,320,9,5912.76,656.9733333333334,2069.48
CUST00984,7,16,22720.15,1420.009375,7952.05
CUST00985,63,16,20341.34,1271.33375,7119.47
CUST00986,24,16,16446.57,1027.910625,5756.3
CUST00987,53,20,14220.48,711.024,4977.17
CUST00988,1,17,18672.41,1098.3770588235293,6535.349999999999
CUST00989,11,12,16425.88,1368.8233333333335,5749.05
CUST00990,11,17,13712.28,806.604705882353,4799.28
CUST00991,138,8,11049.779999999999,1381.2224999999999,3867.41
CUST00992,26,13,11536.58,887.4292307692308,4037.78
CUST00993,1,14,12471.130000000001,890.7950000000001,4364.89
CUST00994,30,16,14793.82,924.61375,5177.84
CUST00995,194,7,5682.07,811.7242857142857,1988.74
CUST00996,56,15,19561.42,1304.0946666666666,6846.49
CUST00997,16,16,20874.52,1304.6575,7306.08
CUST00998,41,16,15749.48,984.3425,5512.3
CUST00999,7,9,7332.26,814.6955555555555,2566.2799999999997
CUST01000,80,12,11180.71,931.7258333333333,3913.25
CUST01001,122,11,7947.05,722.459090909091,2781.47
CUST01002,23,8,9216.32,1152.04,3225.71
CUST01003,15,16,13207.99,825.499375,4622.8
CUST01004,22,18,18792.13,1044.0072222222223,6577.25
CUST01005,227,11,11976.67,1088.7881818181818,4191.84
CUST01006,43,8,3081.21,385.15125,1078.42
CUST01007,21,17,12289.48,722.9105882352941,4301.31
CUST01008,252,13,13141.92,1010.9169230769231,4599.67
CUST01009,42,19,23673.170000000002,1245.9563157894738,8285.62
CUST01010,469,8,9807.05,1225.88125,3432.4700000000003
CUST01011,241,10,13835.01,1383.501,4842.26
CUST01012,16,15,11660.07,777.338,4081.03
CUST01013,41,15,19140.34,1276.0226666666667,6699.09
CUST01014,30,12,15160.51,1263.3758333333333,5306.18
CUST01015,34,18,20358.79,1131.043888888889,7125.5599999999995
CUST01016,199,10,15277.09,1527.709,5347.0
CUST01017,98,13,11053.289999999999,850.2530769230768,3868.65
CUST01018,112,15,15349.98,1023.332,5372.49
CUST01019,49,8,5643.75,705.46875,1975.32
CUST01020,97,12,19265.86,1605.4883333333335,6743.070000000001
CUST01021,28,12,13671.79,1139.3158333333333,4785.13
CUST01022,66,12,11657.36,971.4466666666667,4080.09
CUST01023,4,12,11987.67,998.9725,4195.68
CUST01024,175,10,10972.59,1097.259,3840.4
CUST01025,10,7,7773.45,1110.492857142857,2720.69
CUST01026,9,15,14409.45,960.63,5043.29
CUST01027,9,11,13774.449999999999,1252.222727272727,4821.07
CUST01028,29,13,12384.48,952.6523076923077,4334.56
CUST01029,56,16,19790.03,1236.876875,6926.52
CUST01030,19,17,18730.8,1101.8117647058823,6555.79
CUST01031,25,15,17949.92,1196.6613333333332,6282.469999999999
CUST01032,54,18,19437.3,1079.85,6803.0599999999995
CUST01033,232,12,9652.6,804.3833333333333,3378.41
CUST01034,25,12,8655.55,721.2958333333332,3029.43
CUST01035,22,13,18589.4,1429.9538461538464,6506.27
CUST01036,2,11,12423.81,1129.4372727272728,4348.34
CUST01037,208,10,13214.07,1321.407,4624.94
CUST01038,93,17,19899.29,1170.5464705882353,6964.74
CUST01039,170,6,4859.54,809.9233333333333,1700.85
CUST01040,13,15,14455.05,963.67,5059.28
CUST01041,68,13,21990.91,1691.6084615384616,7696.81
CUST01042,173,15,19064.61,1270.974,6672.610000000001
CUST01043,80,13,16954.05,1304.1576923076923,5933.91
CUST01044,23,14,10567.11,754.7935714285715,3698.5
CUST01045,44,25,25871.25,1034.85,9054.94
CUST01046,50,14,16442.56,1174.4685714285715,5754.889999999999
CUST01047,79,16,10051.43,628.214375,3517.9900000000002
CUST01048,158,15,16683.03,1112.202,5839.05
CUST01049,41,14,14974.68,1069.6200000000001,5241.15
CUST01050,3,16,15292.29,955.768125,5352.29
CUST01051,91,15,20595.73,1373.0486666666666,7208.5
CUST01052,18,11,13164.39,1196.7627272727273,4607.54
CUST01053,60,12,8598.87,716.5725000000001,3009.61
CUST01054,53,16,17899.18,1118.69875,6264.7
CUST01055,107,10,13522.89,1352.289,4732.99
CUST01056,198,19,23165.16,1219.2189473684211,8107.8099999999995
CUST01057,28,12,15894.25,1324.5208333333333,5562.98
CUST01058,36,11,11083.46,1007.5872727272726,3879.21
CUST01059,2,17,18552.34,1091.3141176470588,6493.31
CUST01060,25,18,21861.15,1214.5083333333334,7651.41
CUST01061,95,22,24970.44,1135.02,8739.67
CUST01062,37,18,22876.82,1270.9344444444444,8006.87
CUST01063,99,11,13930.17,1266.379090909091,4875.55
CUST01064,67,12,18569.24,1547.4366666666667,6499.23
CUST01065,85,13,14073.96,1082.6123076923077,4925.88
CUST01066,60,21,18888.19,899.437619047619,6610.87
CUST01067,13,16,16691.329999999998,1043.2081249999999,5841.95
CUST01068,74,13,15306.92,1177.4553846153847,5357.43
CUST01069,114,10,8145.36,814.536,2850.89
CUST01070,15,15,23315.33,1554.3553333333334,8160.37
CUST01071,119,13,21167.73,1628.2869230769231,7408.7
CUST01072,205,12,8068.75,672.3958333333334,2824.08
CUST01073,200,17,17335.5,1019.7352941176471,6067.41
CUST01074,53,7,3915.57,559.3671428571429,1370.44
CUST01075,60,13,17430.08,1340.7753846153848,6100.55
CUST01076,73,18,20716.49,1150.9161111111111,7250.75
CUST01077,52,15,18536.96,1235.7973333333332,6487.93
CUST01078,50,14,11701.99,835.8564285714285,4095.68
CUST01079,136,13,15341.22,1180.093846153846,5369.4400000000005
CUST01080,126,11,10477.0,952.4545454545455,3666.94
CUST01081,20,19,19009.43,1000.4963157894737,6653.29
CUST01082,129,16,19568.86,1223.05375,6849.12
CUST01083,5,17,17437.09,1025.7111764705883,6102.9800000000005
CUST01084,131,15,16765.08,1117.672,5867.78
CUST01085,20,13,13254.71,1019.5930769230769,4639.17
CUST01086,21,15,13052.189999999999,870.146,4568.27
CUST01087,26,18,12482.22,693.4566666666666,4368.78
CUST01088,55,16,18242.2,1140.1375,6384.76
CUST01089,164,12,15165.26,1263.7716666666668,5307.84
CUST01090,7,12,9055.06,754.5883333333333,3169.27
CUST01091,149,10,12925.83,1292.583,4524.04
CUST01092,20,16,20566.32,1285.395,7198.19
CUST01093,129,8,9456.76,1182.095,3309.87
CUST01094,25,13,14082.81,1083.2930769230768,4928.99
CUST01095,164,12,12167.25,1013.9375,4258.55
CUST01096,1,14,12593.61,899.5435714285715,4407.76
CUST01097,3,14,19139.63,1367.1164285714287,6698.87
CUST01098,68,11,11755.03,1068.639090909091,4114.28
CUST01099,110,12,13864.2,1155.3500000000001,4852.47
CUST01100,71,11,10661.66,969.2418181818182,3731.59
CUST01101,40,14,10829.09,773.5064285714286,3790.19
CUST01102,103,11,9839.79,894.5263636363637,3443.94
CUST01103,32,16,17891.56,1118.2225,6262.05
CUST01104,75,17,17738.95,1043.4676470588236,6208.63
CUST01105,126,10,7018.65,701.865,2456.53
CUST01106,35,11,11207.04,1018.8218181818182,3922.45
CUST01107,7,16,10689.44,668.09,3741.29
CUST01108,14,8,9490.84,1186.355,3321.8
CUST01109,185,11,12537.460000000001,1139.769090909091,4388.1
CUST01110,38,10,11541.53,1154.153,4039.53
CUST01111,10,14,11570.06,826.4328571428571,4049.54
CUST01112,7,17,25293.57,1487.8570588235293,8852.75
CUST01113,12,18,16996.33,944.2405555555556,5948.7300000000005
CUST01114,19,22,19393.579999999998,881.5263636363635,6787.76
CUST01115,13,14,11776.33,841.1664285714286,4121.72
CUST01116,153,11,19139.57,1739.9609090909091,6698.85
CUST01117,191,11,11438.51,1039.8645454545456,4003.48
CUST01118,9,17,23001.3,1353.0176470588235,8050.46
CUST01119,35,19,21468.46,1129.918947368421,7513.94
CUST01120,86,10,9069.13,906.9129999999999,3174.18
CUST01121,238,8,7469.65,933.70625,2614.37
CUST01122,116,11,16659.19,1514.471818181818,5830.72
CUST01123,504,12,12812.35,1067.6958333333334,4484.33
CUST01124,248,15,11489.039999999999,765.9359999999999,4021.18
CUST01125,39,16,21145.77,1321.610625,7401.01
CUST01126,134,15,12867.66,857.8439999999999,4503.68
CUST01127,55,13,16782.920000000002,1290.9938461538463,5874.01
CUST01128,232,10,12066.18,1206.618,4223.16
CUST01129,10,20,23400.92,1170.0459999999998,8190.31
CUST01130,13,24,24661.67,1027.5695833333332,8631.6
CUST01131,11,12,13389.89,1115.8241666666665,4686.46
CUST01132,72,13,10880.79,836.9838461538462,3808.25
CUST01133,42,8,8024.86,1003.1075,2808.7
CUST01134,21,12,19387.41,1615.6175,6785.6
CUST01135,179,5,5410.4,1082.08,1893.63
CUST01136,4,12,10942.39,911.8658333333333,3829.85
CUST01137,71,10,9074.400000000001,907.4400000000002,3176.03
CUST01138,241,12,14257.39,1188.1158333333333,4990.08
CUST01139,297,12,12572.34,1047.695,4400.32
CUST01140,56,12,17219.54,1434.9616666666668,6026.83
CUST01141,275,13,12147.09,934.3915384615385,4251.48
CUST01142,20,16,21946.48,1371.655,7681.26
CUST01143,7,17,16990.329999999998,999.4311764705881,5946.64
CUST01144,25,11,5319.65,483.6045454545454,1861.87
CUST01145,75,10,8788.46,878.8459999999999,3075.95
CUST01146,18,11,10876.08,988.7345454545455,3806.63
CUST01147,9,9,12524.449999999999,1391.6055555555554,4383.55
CUST01148,14,19,23807.57,1253.03,8332.66
CUST01149,91,14,19462.8,1390.2,6811.9800000000005
CUST01150,63,15,18055.67,1203.7113333333332,6319.49
CUST01151,136,10,10048.61,1004.8610000000001,3517.01
CUST01152,50,10,9441.65,944.165,3304.59
CUST01153,59,15,16206.56,1080.4373333333333,5672.29
CUST01154,45,12,16377.17,1364.7641666666666,5732.01
CUST01155,2,12,16475.489999999998,1372.9574999999998,5766.41
CUST01156,30,16,19599.48,1224.9675,6859.82
CUST01157,146,15,26970.440000000002,1798.0293333333334,9439.66
CUST01158,105,11,13044.56,1185.8690909090908,4565.6
CUST01159,15,16,17714.530000000002,1107.1581250000002,6200.11
CUST01160,71,11,13336.17,1212.379090909091,4667.66
CUST01161,136,12,16421.68,1368.4733333333334,5747.57
CUST01162,94,5,7628.92,1525.784,2670.12
CUST01163,33,12,17055.32,1421.2766666666666,5969.36
CUST01164,262,9,10298.24,1144.2488888888888,3604.39
CUST01165,41,11,14772.869999999999,1342.9881818181818,5170.51
CUST01166,28,13,14153.28,1088.7138461538461,4953.65
CUST01167,96,11,13215.86,1201.4418181818182,4625.57
CUST01168,25,14,16444.28,1174.5914285714284,5755.5
CUST01169,106,10,8589.130000000001,858.9130000000001,3006.2
CUST01170,23,15,15445.43,1029.6953333333333,5405.89
CUST01171,127,10,6451.71,645.171,2258.09
CUST01172,154,11,20346.56,1849.6872727272728,7121.29
CUST01173,187,16,16348.119999999999,1021.7574999999999,5721.84
CUST01174,12,15,14119.66,941.3106666666666,4941.89
CUST01175,22,12,13513.53,1126.1275,4729.74
CUST01176,47,7,5726.89,818.1271428571429,2004.42
CUST01177,42,17,17062.76,1003.6917647058823,5971.97
CUST01178,72,16,14386.79,899.174375,5035.389999999999
CUST01179,25,12,11032.94,919.4116666666667,3861.53
CUST01180,48,11,13070.51,1188.2281818181818,4574.68
CUST01181,84,20,17746.32,887.316,6211.21
CUST01182,94,12,9384.48,782.04,3284.56
CUST01183,74,14,11756.27,839.7335714285715,4114.69
CUST01184,73,13,9716.8,747.4461538461538,3400.89
CUST01185,3,12,12967.960000000001,1080.6633333333334,4538.78
CUST01186,2,14,16937.88,1209.8485714285714,5928.24
CUST01187,110,15,14326.98,955.132,5014.44
CUST01188,90,13,13531.41,1040.8776923076923,4735.98
CUST01189,90,9,12243.61,1360.4011111111113,4285.27
CUST01190,197,5,9560.32,1912.0639999999999,3346.12
CUST01191,3,21,21244.65,1011.6500000000001,7435.599999999999
CUST01192,114,11,9913.24,901.2036363636363,3469.64
CUST01193,99,14,16597.45,1185.5321428571428,5809.09
CUST01194,104,11,14448.09,1313.4627272727273,5056.84
CUST01195,337,13,18652.32,1434.793846153846,6528.29
CUST01196,36,16,18684.4,1167.775,6539.53
CUST01197,250,14,19092.42,1363.7442857142855,6682.360000000001
CUST01198,66,13,12012.51,924.0392307692308,4204.37
CUST01199,203,12,12599.49,1049.9575,4409.820000000001
CUST01200,37,13,10080.74,775.4415384615385,3528.27
CUST01201,1,12,9399.62,783.3016666666667,3289.87
CUST01202,31,18,19145.95,1063.663888888889,6701.11
CUST01203,152,12,12624.52,1052.0433333333333,4418.58
CUST01204,55,16,16249.439999999999,1015.5899999999999,5687.29
CUST01205,29,17,27507.18,1618.0694117647058,9627.52
CUST01206,13,14,13727.36,980.5257142857143,4804.5599999999995
CUST01207,4,15,12864.54,857.6360000000001,4502.59
CUST01208,79,12,13634.17,1136.1808333333333,4771.97
CUST01209,3,15,16772.6,1118.1733333333332,5870.4
CUST01210,64,11,13508.27,1228.0245454545454,4727.91
CUST01211,113,12,18754.59,1562.8825,6564.1
CUST01212,92,16,13848.869999999999,865.5543749999999,4847.07
CUST01213,17,14,21324.559999999998,1523.182857142857,7463.59
CUST01214,278,11,7804.58,709.5072727272727,2731.61
CUST01215,11,20,21877.39,1093.8695,7657.1
CUST01216,210,8,12328.880000000001,1541.1100000000001,4315.099999999999
CUST01217,171,11,12349.08,1122.6436363636365,4322.18
CUST01218,6,12,10128.14,844.0116666666667,3544.85
CUST01219,361,10,12795.300000000001,1279.5300000000002,4478.35
CUST01220,2,8,12566.14,1570.7675,4398.16
CUST01221,33,19,17314.77,911.3036842105263,6060.18
CUST01222,141,10,11733.91,1173.391,4106.88
CUST01223,49,12,14754.24,1229.52,5163.98
CUST01224,118,13,11676.22,898.1707692307692,4086.68
CUST01225,150,8,3861.98,482.7475,1351.69
CUST01226,97,14,12202.58,871.6128571428571,4270.9
CUST01227,5,15,20225.43,1348.362,7078.91
CUST01228,98,14,14868.21,1062.0149999999999,5203.86
CUST01229,55,11,12600.800000000001,1145.527272727273,4410.29
CUST01230,117,13,6595.23,507.32538461538456,2308.32
CUST01231,69,15,12699.98,846.6653333333333,4445.02
CUST01232,4,16,17586.23,1099.139375,6155.19
CUST01233,71,14,16464.0,1176.0,5762.39
CUST01234,39,16,15860.58,991.28625,5551.22
CUST01235,208,16,16842.56,1052.66,5894.89
CUST01236,54,17,16670.93,980.6429411764706,5834.83
CUST01237,90,11,9223.529999999999,838.5027272727272,3228.24
CUST01238,2,13,13360.51,1027.7315384615385,4676.18
CUST01239,130,17,17550.37,1032.3747058823528,6142.63
CUST01240,88,18,26785.3,1488.072222222222,9374.84
CUST01241,33,10,11272.49,1127.249,3945.37
CUST01242,101,17,31279.079999999998,1839.945882352941,10947.68
CUST01243,27,16,20338.02,1271.12625,7118.29
CUST01244,116,13,17786.89,1368.2223076923076,6225.4
CUST01245,7,15,19310.12,1287.3413333333333,6758.52
CUST01246,28,16,17491.11,1093.194375,6121.89
CUST01247,67,15,10209.619999999999,680.6413333333333,3573.35
CUST01248,352,9,10073.81,1119.312222222222,3525.84
CUST01249,64,15,18267.04,1217.8026666666667,6393.48
CUST01250,79,11,8957.34,814.3036363636364,3135.07
CUST01251,38,15,19179.49,1278.6326666666669,6712.8099999999995
CUST01252,6,12,14179.66,1181.6383333333333,4962.87
CUST01253,187,11,9940.25,903.6590909090909,3479.09
CUST01254,127,13,12227.710000000001,940.593076923077,4279.71
CUST01255,1,14,12606.88,900.4914285714285,4412.39
CUST01256,55,15,17998.8,1199.9199999999998,6299.58
CUST01257,91,17,20114.79,1183.2229411764706,7040.18
CUST01258,83,10,9731.6,973.1600000000001,3406.0699999999997
CUST01259,67,11,16073.26,1461.2054545454546,5625.64
CUST01260,28,12,12704.02,1058.6683333333333,4446.42
CUST01261,69,13,25262.69,1943.283846153846,8841.94
CUST01262,52,15,13242.25,882.8166666666667,4634.8
CUST01263,83,17,16794.25,987.8970588235294,5877.98
CUST01264,46,13,17771.25,1367.0192307692307,6219.94
CUST01265,33,10,9882.99,988.299,3459.04
CUST01266,1,15,15031.35,1002.09,5260.98
CUST01267,37,18,21472.19,1192.8994444444443,7515.28
CUST01268,9,15,10859.34,723.956,3800.77
CUST01269,4,19,19354.16,1018.64,6773.96
CUST01270,34,16,12914.28,807.1425,4519.97
CUST01271,153,14,17092.91,1220.922142857143,5982.51
CUST01272,20,13,17072.38,1313.26,5975.33
CUST01273,24,11,13655.51,1241.41,4779.44
CUST01274,80,14,14284.59,1020.3278571428572,4999.59
CUST01275,165,14,10881.58,777.2557142857142,3808.54
CUST01276,33,16,21799.17,1362.448125,7629.7
CUST01277,5,16,19681.75,1230.109375,6888.62
CUST01278,14,14,14572.46,1040.8899999999999,5100.37
CUST01279,135,3,1487.1100000000001,495.7033333333334,520.49
CUST01280,72,12,14826.48,1235.54,5189.27
CUST01281,103,11,8433.99,766.7263636363637,2951.88
CUST01282,115,13,14407.39,1108.2607692307693,5042.59
CUST01283,39,16,23534.03,1470.876875,8236.92
CUST01284,199,19,19915.45,1048.1815789473685,6970.400000000001
CUST01285,100,20,24634.01,1231.7005,8621.9
CUST01286,157,6,7635.04,1272.5066666666667,2672.27
CUST01287,48,14,15970.11,1140.722142857143,5589.55
CUST01288,24,13,15256.28,1173.56,5339.7
CUST01289,133,6,6977.91,1162.985,2442.27
CUST01290,84,9,9200.92,1022.3244444444445,3220.32
CUST01291,119,13,11808.43,908.3407692307693,4132.94
CUST01292,60,4,7883.25,1970.8125,2759.13
CUST01293,252,14,17733.33,1266.6664285714287,6206.68
CUST01294,8,13,15591.11,1199.3161538461538,5456.91
CUST01295,59,15,21724.18,1448.2786666666666,7603.47
CUST01296,57,25,22877.04,915.0816,8006.98
CUST01297,55,17,25900.25,1523.5441176470588,9065.1
CUST01298,14,10,10385.98,1038.598,3635.1
CUST01299,103,11,13506.369999999999,1227.851818181818,4727.23
CUST01300,75,12,10328.8,860.7333333333332,3615.08
CUST01301,114,9,11119.15,1235.461111111111,3891.69
CUST01302,132,14,16505.28,1178.9485714285713,5776.83
CUST01303,69,17,19121.45,1124.7911764705882,6692.5199999999995
CUST01304,87,10,8708.07,870.807,3047.83
CUST01305,9,19,24805.77,1305.5668421052633,8682.03
CUST01306,106,12,14025.75,1168.8125,4909.02
CUST01307,96,10,13829.89,1382.989,4840.46
CUST01308,70,13,16846.41,1295.8776923076923,5896.26
CUST01309,28,13,10141.22,780.0938461538461,3549.42
CUST01310,24,13,10812.5,831.7307692307693,3784.37
CUST01311,92,15,18457.65,1230.51,6460.18
CUST01312,143,14,15352.74,1096.6242857142856,5373.4400000000005
CUST01313,7,15,16477.78,1098.5186666666666,5767.21
CUST01314,500,10,16111.17,1611.117,5638.9
CUST01315,20,9,6583.28,731.4755555555555,2304.15
CUST01316,75,13,19519.83,1501.5253846153848,6831.95
CUST01317,57,18,27300.12,1516.6733333333332,9555.039999999999
CUST01318,72,19,21968.35,1156.228947368421,7688.92
CUST01319,46,15,15638.84,1042.5893333333333,5473.6
CUST01320,81,22,18182.53,826.4786363636363,6363.9
CUST01321,43,16,13247.449999999999,827.9656249999999,4636.6
CUST01322,3,16,16153.220000000001,1009.5762500000001,5653.64
CUST01323,252,8,9283.55,1160.44375,3249.24
CUST01324,61,20,28376.510000000002,1418.8255000000001,9931.77
CUST01325,77,13,15224.75,1171.1346153846155,5328.66
CUST01326,5,15,11065.24,737.6826666666667,3872.83
CUST01327,108,11,12191.61,1108.328181818182,4267.07
CUST01328,112,10,4414.66,441.466,1545.1399999999999
CUST01329,128,10,7396.76,739.676,2588.87
CUST01330,212,13,21964.27,1689.559230769231,7687.5
CUST01331,44,7,7377.18,1053.8828571428571,2582.01
CUST01332,4,12,14641.53,1220.1275,5124.53
CUST01333,86,14,17537.54,1252.6814285714286,6138.13
CUST01334,62,14,6244.8,446.0571428571429,2185.68
CUST01335,41,11,11474.65,1043.1499999999999,4016.1299999999997
CUST01336,55,13,17623.57,1355.6592307692308,6168.24
CUST01337,36,7,10273.54,1467.6485714285716,3595.75
CUST01338,254,12,19846.82,1653.9016666666666,6946.38
CUST01339,50,16,26814.9,1675.93125,9385.210000000001
CUST01340,109,19,19327.46,1017.2347368421052,6764.63
CUST01341,146,12,10023.72,835.31,3508.3199999999997
CUST01342,42,13,18281.19,1406.2453846153844,6398.41
CUST01343,159,16,17419.24,1088.7025,6096.74
CUST01344,107,12,13148.78,1095.7316666666668,4602.07
CUST01345,27,13,14896.630000000001,1145.8946153846155,5213.82
CUST01346,62,19,14764.15,777.0605263157895,5167.46
CUST01347,2,10,11250.289999999999,1125.029,3937.59
CUST01348,157,13,13336.34,1025.8723076923077,4667.72
CUST01349,161,11,12873.49,1170.3172727272727,4505.72
CUST01350,42,10,16435.14,1643.514,5752.3
CUST01351,17,17,16053.77,944.3394117647059,5618.82
CUST01352,219,14,17131.45,1223.675,5996.0
CUST01353,21,22,29850.94,1356.860909090909,10447.82
CUST01354,25,12,14173.89,1181.1575,4960.88
CUST01355,52,17,20641.51,1214.206470588235,7224.5199999999995
CUST01356,115,8,10748.6,1343.575,3762.01
CUST01357,78,14,21398.02,1528.43,7489.3
CUST01358,56,12,9560.8,796.7333333333332,3346.28
CUST01359,98,13,12224.27,940.3284615384616,4278.49
CUST01360,5,7,10648.87,1521.267142857143,3727.0899999999997
CUST01361,41,15,12727.42,848.4946666666667,4454.6
CUST01362,91,10,8954.38,895.4379999999999,3134.02
CUST01363,22,23,26375.81,1146.774347826087,9231.54
CUST01364,88,14,12231.84,873.7028571428572,4281.15
CUST01365,136,18,19397.88,1077.66,6789.26
CUST01366,46,18,20692.079999999998,1149.56,7242.22
CUST01367,62,18,28615.170000000002,1589.7316666666668,10015.32
CUST01368,150,8,4211.93,526.49125,1474.19
CUST01369,41,12,11345.03,945.4191666666667,3970.77
CUST01370,33,17,23766.27,1398.0158823529412,8318.19
CUST01371,13,11,12330.55,1120.959090909091,4315.71
CUST01372,28,16,14364.09,897.755625,5027.43
CUST01373,14,8,12058.210000000001,1507.2762500000001,4220.38
CUST01374,47,10,9308.53,930.8530000000001,3257.99
CUST01375,115,6,7240.7,1206.7833333333333,2534.24
CUST01376,29,14,20670.44,1476.4599999999998,7234.66
CUST01377,14,10,11498.82,1149.882,4024.58
CUST01378,494,5,5386.5199999999995,1077.3039999999999,1885.28
CUST01379,7,12,15522.01,1293.5008333333333,5432.7
CUST01380,93,7,10194.42,1456.3457142857144,3568.06
CUST01381,52,14,21358.88,1525.6342857142859,7475.61
CUST01382,58,12,15342.24,1278.52,5369.78
CUST01383,2,18,14128.24,784.9022222222222,4944.89
CUST01384,46,13,12725.279999999999,978.8676923076922,4453.849999999999
CUST01385,173,18,24347.57,1352.6427777777778,8521.65
CUST01386,59,9,8279.39,919.9322222222222,2897.79
CUST01387,45,11,9903.25,900.2954545454545,3466.1400000000003
CUST01388,55,11,11922.21,1083.8372727272726,4172.78
CUST01389,48,10,5173.93,517.393,1810.87
CUST01390,55,5,7915.889999999999,1583.1779999999999,2770.55
CUST01391,137,10,13518.82,1351.882,4731.59
CUST01392,86,15,12829.0,855.2666666666667,4490.15
CUST01393,135,8,10060.92,1257.615,3521.33
CUST01394,84,18,14491.34,805.0744444444445,5071.99
CUST01395,144,15,14943.800000000001,996.2533333333334,5230.32
CUST01396,67,17,22982.1,1351.8882352941175,8043.74
CUST01397,221,13,7836.49,602.8069230769231,2742.77
CUST01398,166,14,10150.59,725.0421428571428,3552.71
CUST01399,268,11,11671.14,1061.0127272727273,4084.88
CUST01400,46,17,14792.92,870.1717647058823,5177.530000000001
CUST01401,61,16,14124.25,882.765625,4943.4800000000005
CUST01402,7,16,20076.45,1254.778125,7026.76
CUST01403,59,14,14201.9,1014.4214285714286,4970.66
CUST01404,5,19,23099.61,1215.768947368421,8084.87
CUST01405,154,12,17413.7,1451.1416666666667,6094.79
CUST01406,79,18,27431.18,1523.9544444444446,9600.92
CUST01407,29,14,17884.829999999998,1277.487857142857,6259.68
CUST01408,33,7,5210.64,744.3771428571429,1823.71
CUST01409,16,23,19146.29,832.4473913043479,6701.21
CUST01410,144,12,10322.11,860.1758333333333,3612.73
CUST01411,180,10,7800.27,780.027,2730.08
CUST01412,19,18,14089.63,782.7572222222221,4931.37
CUST01413,78,18,14915.97,828.665,5220.58
CUST01414,179,7,7764.469999999999,1109.2099999999998,2717.55
CUST01415,246,8,7154.51,894.31375,2504.08
CUST01416,49,20,14385.7,719.2850000000001,5035.01
CUST01417,71,11,13608.42,1237.129090909091,4762.94
CUST01418,19,21,21385.34,1018.3495238095238,7484.89
CUST01419,72,12,9415.86,784.6550000000001,3295.56
CUST01420,85,13,17041.31,1310.8700000000001,5964.469999999999
CUST01421,57,15,19096.59,1273.106,6683.8099999999995
CUST01422,16,10,10010.65,1001.0649999999999,3503.74
CUST01423,47,21,17361.6,826.742857142857,6076.57
CUST01424,47,10,16851.3,1685.1299999999999,5897.97
CUST01425,31,10,8350.25,835.025,2922.57
CUST01426,303,11,13552.720000000001,1232.0654545454547,4743.45
CUST01427,292,17,16358.460000000001,962.2623529411766,5725.4400000000005
CUST01428,1,14,9221.39,658.6707142857142,3227.48
CUST01429,260,6,5122.99,853.8316666666666,1793.04
CUST01430,126,9,7755.5599999999995,861.7288888888888,2714.44
CUST01431,1,13,10416.15,801.2423076923077,3645.64
CUST01432,137,15,14632.58,975.5053333333333,5121.39
CUST01433,214,13,8970.63,690.0484615384614,3139.73
CUST01434,21,13,17255.510000000002,1327.3469230769233,6039.43
CUST01435,88,22,31058.85,1411.765909090909,10870.61
CUST01436,22,10,6511.58,651.158,2279.06
CUST01437,4,13,15285.6,1175.8153846153846,5349.96
CUST01438,19,12,15460.77,1288.3975,5411.27
CUST01439,28,14,14077.29,1005.5207142857143,4927.0599999999995
CUST01440,2,17,19486.16,1146.244705882353,6820.17
CUST01441,20,12,15939.71,1328.3091666666667,5578.88
CUST01442,23,14,13998.849999999999,999.9178571428571,4899.59
CUST01443,282,16,16398.84,1024.9275,5739.61
CUST01444,320,9,13285.86,1476.2066666666667,4650.05
CUST01445,31,12,12254.1,1021.1750000000001,4288.93
CUST01446,11,13,15155.31,1165.7930769230768,5304.34
CUST01447,6,10,9257.63,925.7629999999999,3240.16
CUST01448,30,15,15470.6,1031.3733333333334,5414.7
CUST01449,5,14,13570.4,969.3142857142857,4749.63
CUST01450,111,10,10886.300000000001,1088.63,3810.21
CUST01451,45,16,13935.54,870.97125,4877.44
CUST01452,126,9,12788.51,1420.9455555555555,4475.98
CUST01453,43,17,19712.829999999998,1159.5782352941176,6899.49
CUST01454,7,17,17684.05,1040.2382352941177,6189.42
CUST01455,122,13,13254.26,1019.5584615384615,4638.98
CUST01456,129,16,13255.41,828.463125,4639.42
CUST01457,69,14,21121.03,1508.645,7392.38
CUST01458,7,10,6691.93,669.193,2342.16
CUST01459,29,12,15397.23,1283.1025,5389.04
CUST01460,12,20,21831.1,1091.5549999999998,7640.88
CUST01461,13,12,10491.99,874.3325,3672.2
CUST01462,123,19,19283.239999999998,1014.9073684210525,6749.14
CUST01463,150,12,10486.13,873.8441666666666,3670.15
CUST01464,78,17,13034.58,766.74,4562.1
CUST01465,29,10,12188.39,1218.839,4265.93
CUST01466,43,14,16201.65,1157.2607142857144,5670.58
CUST01467,94,15,13702.210000000001,913.4806666666667,4795.76
CUST01468,63,14,12854.41,918.1721428571428,4499.03
CUST01469,145,12,12598.65,1049.8875,4409.52
CUST01470,99,8,7193.83,899.22875,2517.85
CUST01471,56,19,19224.76,1011.8294736842105,6728.67
CUST01472,163,11,8706.5,791.5,3047.27
CUST01473,36,11,13159.119999999999,1196.2836363636363,4605.69
CUST01474,16,10,12123.11,1212.3110000000001,4243.09
CUST01475,124,15,18753.37,1250.2246666666665,6563.68
CUST01476,96,14,13994.15,999.5821428571428,4897.97
CUST01477,44,12,12629.54,1052.4616666666668,4420.34
CUST01478,185,6,6632.18,1105.3633333333335,2321.26
CUST01479,40,14,21265.82,1518.9871428571428,7443.03
CUST01480,69,19,19082.19,1004.3257894736842,6678.78
CUST01481,260,8,7912.049999999999,989.0062499999999,2769.21
CUST01482,81,9,13191.210000000001,1465.69,4616.92
CUST01483,99,14,15830.99,1130.785,5540.83
CUST01484,4,12,13715.02,1142.9183333333333,4800.25
CUST01485,68,15,16660.97,1110.7313333333334,5831.33
CUST01486,88,13,14329.75,1102.2884615384614,5015.42
CUST01487,82,20,26362.649999999998,1318.1325,9226.94
CUST01488,40,8,9675.47,1209.43375,3386.41
CUST01489,277,13,15275.94,1175.0723076923077,5346.59
CUST01490,47,11,14044.93,1276.8118181818181,4915.73
CUST01491,196,13,8258.9,635.3,2890.6000000000004
CUST01492,6,11,11570.3,1051.8454545454545,4049.6
CUST01493,44,16,20814.82,1300.92625,7285.19
CUST01494,204,11,11011.47,1001.0427272727272,3854.01
CUST01495,106,7,10095.3,1442.185714285714,3533.35
CUST01496,5,10,11392.05,1139.205,3987.23
CUST01497,193,9,11794.5,1310.5,4128.07
CUST01498,29,13,14623.71,1124.9007692307691,5118.3
CUST01499,17,13,11819.99,909.23,4136.97
